Country,Week,Alpha,Beta,Delta,Omicron,Other_variants,Total,Vaccinated,Fully_vaccinated,Boosted
ARG,202053,0,0,0,0,85,85,,,
ARG,202101,0,0,0,0,131,131,,,
ARG,202102,0,0,0,0,89,89,,,
ARG,202103,0,0,0,0,63,63,258876.0,29188.0,
ARG,202104,0,0,0,0,62,62,281023.0,85361.0,
ARG,202105,5,0,0,0,66,71,307501.0,163882.0,
ARG,202106,0,0,0,0,75,75,371629.0,234616.0,
ARG,202107,0,0,0,0,78,78,445614.0,261534.0,
ARG,202108,0,0,0,0,87,87,694470.0,290425.0,
ARG,202109,4,0,1,0,149,154,,,
ARG,202110,6,0,0,0,167,173,1876113.0,418625.0,
ARG,202111,14,0,0,0,189,203,2472426.0,591438.0,
ARG,202112,19,0,0,0,232,251,2908932.0,661528.0,
ARG,202113,15,0,0,0,209,224,3495125.0,683771.0,
ARG,202114,14,0,0,0,297,311,4478948.0,722520.0,
ARG,202115,22,0,0,0,310,332,5431994.0,794878.0,
ARG,202116,29,1,1,0,337,368,6149835.0,867444.0,
ARG,202117,17,0,0,0,198,215,7002992.0,968478.0,
ARG,202118,17,0,0,0,218,235,7660652.0,1341095.0,
ARG,202119,20,0,0,0,282,302,7992532.0,1870091.0,
ARG,202120,19,0,0,0,313,332,8638944.0,2319715.0,
ARG,202121,16,0,0,0,261,277,9208883.0,2697814.0,
ARG,202122,18,0,1,0,331,350,10733428.0,2997093.0,
ARG,202123,17,0,0,0,356,373,12879690.0,3223051.0,
ARG,202124,18,0,0,0,267,285,14172453.0,3664668.0,
ARG,202125,17,0,2,0,265,284,15617249.0,3881982.0,
ARG,202126,8,0,9,0,262,279,17479963.0,4301462.0,
ARG,202127,6,0,8,0,304,318,19507996.0,5010394.0,
ARG,202128,5,0,24,0,298,327,21644577.0,5289658.0,
ARG,202129,10,0,21,0,202,233,23492843.0,5944919.0,
ARG,202130,6,0,34,0,292,332,24966105.0,6911893.0,
ARG,202131,7,0,48,0,384,439,26028829.0,8401313.0,
ARG,202132,4,0,42,0,288,334,26565910.0,9821987.0,
ARG,202133,5,0,41,0,299,345,27105019.0,11479360.0,
ARG,202134,2,0,42,0,275,319,27681048.0,13624296.0,
ARG,202135,1,0,46,0,298,345,28249162.0,15800014.0,
ARG,202136,1,0,55,0,247,303,28679706.0,18011231.0,
ARG,202137,3,0,72,0,125,200,28968475.0,19623356.0,
ARG,202138,2,0,58,0,119,179,29398567.0,21216344.0,
ARG,202139,0,0,62,0,96,158,29810138.0,22589718.0,
ARG,202140,0,0,50,0,121,171,30222669.0,23673529.0,
ARG,202141,2,0,121,0,202,325,31177414.0,24514822.0,
ARG,202142,8,0,198,0,110,316,32617779.0,25227233.0,
ARG,202143,2,0,286,0,119,407,34067816.0,25892696.0,
ARG,202144,3,0,274,0,77,354,34927806.0,26476617.0,
ARG,202145,0,0,307,0,59,366,35716404.0,27201986.0,
ARG,202146,0,0,269,0,45,314,36105691.0,28379784.0,1263315.0
ARG,202147,0,0,289,0,10,299,36491322.0,29236347.0,1769744.0
ARG,202148,0,0,90,1,10,101,36971042.0,30213089.0,2455125.0
ARG,202149,0,0,39,19,7,65,37297036.0,30941717.0,3008895.0
ARG,202150,0,0,11,97,3,111,37606502.0,31615122.0,3904443.0
ARG,202151,0,0,21,41,0,62,,,
ARG,202152,0,0,3,30,1,34,38200181.0,32659545.0,5589017.0
ARG,202201,0,0,2,19,0,21,38618880.0,33251574.0,7439665.0
ARG,202202,0,0,0,2,0,2,38988156.0,33756176.0,9296139.0
AUS,202108,12,1,0,0,13,26,31882.0,12.0,
AUS,202109,16,4,0,0,20,40,81321.0,24.0,
AUS,202110,38,3,0,0,26,67,162517.0,34.0,
AUS,202111,22,4,1,0,28,55,253858.0,2924.0,
AUS,202112,31,3,0,0,26,60,488220.0,35969.0,
AUS,202113,38,5,1,0,20,64,761864.0,81318.0,
AUS,202114,20,5,2,0,15,42,1018671.0,147897.0,
AUS,202115,52,14,26,0,15,107,1310866.0,186046.0,
AUS,202116,34,8,43,0,30,115,1701357.0,232720.0,
AUS,202117,28,2,47,0,20,97,1994063.0,260011.0,
AUS,202118,25,0,39,0,10,74,2360192.0,294146.0,
AUS,202119,22,2,8,0,15,47,2758361.0,330823.0,
AUS,202120,4,2,6,0,7,19,,,
AUS,202121,6,2,12,0,60,80,3714197.0,498702.0,
AUS,202122,13,1,24,0,36,74,4442925.0,573427.0,
AUS,202123,7,5,27,0,27,66,,,
AUS,202124,4,4,40,0,14,62,5499359.0,1056670.0,
AUS,202125,13,0,154,0,7,174,5876688.0,1449632.0,
AUS,202126,16,5,250,0,1,272,6319911.0,1855746.0,
AUS,202127,10,0,381,0,5,396,6766522.0,2303847.0,
AUS,202128,4,0,774,0,11,789,7243962.0,2801868.0,
AUS,202129,2,0,890,0,8,900,7803021.0,3327213.0,
AUS,202130,2,0,1280,0,6,1288,8407015.0,3927056.0,
AUS,202131,1,0,1400,0,1,1402,9061739.0,4611321.0,
AUS,202132,2,0,1430,0,5,1437,9847969.0,5372888.0,
AUS,202133,1,0,1672,0,12,1685,10793183.0,6190566.0,
AUS,202134,1,0,1594,0,17,1612,11850205.0,7044253.0,
AUS,202135,0,0,1799,0,33,1832,12938761.0,7879487.0,
AUS,202136,0,0,2866,0,60,2926,13907333.0,8720390.0,
AUS,202137,0,0,1123,0,31,1154,14939866.0,9633085.0,
AUS,202138,0,0,734,0,3,737,15974334.0,10634837.0,
AUS,202139,0,0,916,0,15,931,16882622.0,11689936.0,
AUS,202140,0,0,1207,0,10,1217,17593798.0,12883681.0,433.0
AUS,202141,0,0,1324,0,6,1330,18170223.0,14245406.0,2444.0
AUS,202142,0,0,1088,0,11,1099,18652593.0,15484232.0,6577.0
AUS,202143,0,0,833,0,8,841,19029312.0,16469355.0,17195.0
AUS,202144,0,0,879,0,5,884,19286079.0,17237996.0,173000.0
AUS,202145,0,0,1164,0,9,1173,19541933.0,17835028.0,257462.0
AUS,202146,0,0,900,0,11,911,19779653.0,18309411.0,331734.0
AUS,202147,0,0,1127,4,12,1143,19965449.0,18685541.0,411864.0
AUS,202148,0,0,1328,36,13,1377,20099492.0,18990458.0,531846.0
AUS,202149,0,0,1698,165,23,1886,20205275.0,19262415.0,687067.0
AUS,202150,0,0,1258,1129,27,2414,20320601.0,19538547.0,1328784.0
AUS,202151,0,0,1045,2374,51,3470,20397079.0,19678606.0,1984415.0
AUS,202152,0,0,260,1962,99,2321,20444346.0,19755837.0,2380356.0
AUS,202201,0,0,78,1349,68,1495,20524868.0,19896355.0,3565888.0
AUS,202202,0,0,26,620,22,668,20905692.0,20015852.0,4998093.0
AUS,202203,0,0,0,80,1,81,21324245.0,20106005.0,6459388.0
BOL,202105,0,0,0,0,6,6,7636.0,,
BOL,202106,0,0,0,0,4,4,10167.0,,
BOL,202107,0,0,0,0,6,6,10301.0,12.0,
BOL,202111,0,0,0,0,1,1,150486.0,18572.0,
BOL,202112,0,0,0,0,9,9,174799.0,88315.0,
BOL,202113,0,0,0,0,1,1,205115.0,116692.0,
BOL,202115,0,0,0,0,1,1,370483.0,165891.0,
BOL,202117,0,0,0,0,1,1,614600.0,233549.0,
BOL,202118,0,0,0,0,8,8,733305.0,263991.0,
BOL,202119,0,0,0,0,3,3,818489.0,284582.0,
BOL,202120,0,0,0,0,3,3,1071682.0,299534.0,
BOL,202121,0,0,0,0,3,3,1283524.0,346649.0,
BOL,202122,0,0,0,0,15,15,1451108.0,374538.0,
BOL,202123,0,0,0,0,5,5,1542588.0,522603.0,
BOL,202124,0,0,1,0,6,7,1639526.0,582404.0,
BOL,202125,0,0,0,0,5,5,1778282.0,659378.0,
BOL,202126,0,0,0,0,5,5,2002991.0,735921.0,
BOL,202127,0,0,0,0,4,4,2304075.0,792843.0,
BOL,202128,0,0,0,0,2,2,2587736.0,917488.0,
BOL,202129,0,0,0,0,1,1,2874550.0,1236034.0,
BOL,202130,0,0,2,0,2,4,3106488.0,1627394.0,
BOL,202131,0,0,0,0,3,3,3256960.0,1797824.0,
BOL,202132,0,0,1,0,4,5,3419189.0,2038083.0,
BOL,202133,0,0,0,0,3,3,3579375.0,2282997.0,
BOL,202135,0,0,0,0,2,2,4050993.0,2826083.0,
BOL,202136,0,0,1,0,0,1,4125684.0,2966069.0,
BOL,202137,0,0,1,0,1,2,4183793.0,3042201.0,
BOL,202138,0,0,0,0,1,1,4249312.0,3255165.0,
BOL,202139,0,0,3,0,0,3,4308530.0,3392470.0,
BOL,202140,0,0,2,0,0,2,4367604.0,3482769.0,
BOL,202141,0,0,3,0,0,3,4414130.0,3604834.0,24509.0
BOL,202142,0,0,3,0,0,3,4468388.0,3758351.0,159582.0
BOL,202143,0,0,8,0,0,8,4559543.0,3858421.0,320124.0
BOL,202144,0,0,8,0,0,8,4617553.0,3911371.0,357573.0
BRA,202103,14,0,0,0,466,480,573268.0,,
BRA,202104,7,0,0,0,450,457,2046523.0,,
BRA,202105,8,0,0,0,598,606,3534004.0,19677.0,
BRA,202106,15,0,0,0,665,680,5042713.0,194230.0,
BRA,202107,21,0,0,0,609,630,5817908.0,1132894.0,
BRA,202108,19,0,0,0,941,960,6518628.0,1914940.0,
BRA,202109,23,0,0,0,883,906,8142004.0,2688684.0,
BRA,202110,34,6,0,0,907,947,9669967.0,3553762.0,
BRA,202111,29,0,0,0,782,811,11739832.0,4143856.0,
BRA,202112,88,0,1,0,1621,1710,15282128.0,4679944.0,
BRA,202113,60,0,0,0,1070,1130,19222342.0,5353128.0,
BRA,202114,95,3,0,0,2202,2300,23097172.0,6987492.0,
BRA,202115,38,0,4,0,1491,1533,26085155.0,9518727.0,
BRA,202116,63,0,0,0,1942,2005,28981002.0,12513937.0,
BRA,202117,33,0,6,0,1915,1954,31830880.0,15832646.0,
BRA,202118,32,0,0,0,1470,1502,35253389.0,17719071.0,
BRA,202119,27,0,0,0,1618,1645,38570631.0,19098015.0,
BRA,202120,69,0,11,0,2098,2178,41882011.0,20577673.0,
BRA,202121,71,0,2,0,1972,2045,45604680.0,22157278.0,
BRA,202122,89,0,3,0,2386,2478,49491413.0,23095537.0,
BRA,202123,81,0,6,0,2718,2805,55292343.0,23825900.0,
BRA,202124,56,0,14,0,2136,2206,63659153.0,24449265.0,
BRA,202125,33,0,30,0,2164,2227,71090361.0,25520772.0,
BRA,202126,53,0,110,0,3111,3274,78210253.0,27418130.0,
BRA,202127,11,0,173,0,2267,2451,85922323.0,30387607.0,
BRA,202128,19,0,261,0,2534,2814,92434146.0,33818142.0,
BRA,202129,16,0,306,0,2179,2501,99391757.0,37463852.0,
BRA,202130,9,0,555,0,1888,2452,105083580.0,41507968.0,
BRA,202131,4,0,903,0,1996,2903,111342715.0,45397341.0,
BRA,202132,5,1,1492,0,902,2400,119132205.0,49606493.0,
BRA,202133,3,0,1250,0,585,1838,127168248.0,55013076.0,
BRA,202134,5,0,1799,0,545,2349,133608741.0,60412846.0,
BRA,202135,1,0,2777,0,378,3156,139039441.0,66758831.0,537.0
BRA,202136,0,0,2948,0,281,3229,142798088.0,73050585.0,67596.0
BRA,202137,0,0,2530,0,320,2850,146371189.0,80250454.0,259046.0
BRA,202138,0,0,1775,0,146,1921,149386359.0,86796636.0,543561.0
BRA,202139,0,0,2620,0,107,2727,152166987.0,93442685.0,1407110.0
BRA,202140,0,0,2742,0,72,2814,154181567.0,99070817.0,3047975.0
BRA,202141,0,0,1988,0,29,2017,156313972.0,104314315.0,4320556.0
BRA,202142,0,0,1827,0,27,1854,157810514.0,109422127.0,6234557.0
BRA,202143,0,0,1656,0,17,1673,159518249.0,115897379.0,8687173.0
BRA,202144,0,0,2105,0,14,2119,160423951.0,119655284.0,10135262.0
BRA,202145,0,0,2212,0,11,2223,161814220.0,124872035.0,12105575.0
BRA,202146,0,0,1618,0,8,1626,162688776.0,128851409.0,13896415.0
BRA,202147,0,0,1399,4,8,1411,163607249.0,132667094.0,15794900.0
BRA,202148,0,0,1081,5,2,1088,164543599.0,136830588.0,17974402.0
BRA,202149,0,0,758,41,5,804,,139389518.0,20456996.0
BRA,202150,0,0,629,170,5,804,165409165.0,141474540.0,22820476.0
BRA,202151,0,0,321,335,21,677,,,
BRA,202152,0,0,98,954,28,1080,166199307.0,143441284.0,26580353.0
BRA,202201,0,0,6,215,0,221,,,
BRA,202202,0,0,0,3,0,3,166909237.0,145459361.0,32865633.0
CAN,202051,4,1,0,0,1240,1245,12367.0,,
CAN,202052,2,6,0,0,1106,1114,48807.0,1.0,
CAN,202053,6,3,1,0,1498,1508,110045.0,3.0,
CAN,202101,12,17,0,0,1876,1905,296053.0,3936.0,
CAN,202102,27,23,0,0,2385,2435,532763.0,20597.0,
CAN,202103,43,14,0,0,2252,2309,760072.0,54510.0,
CAN,202104,49,9,1,0,1621,1680,856362.0,111068.0,
CAN,202105,58,10,0,0,1316,1384,908824.0,172137.0,
CAN,202106,200,39,1,0,1719,1959,983857.0,294339.0,5.0
CAN,202107,339,24,0,0,1616,1979,1069018.0,413336.0,11.0
CAN,202108,556,36,0,0,1538,2130,1341894.0,529829.0,13.0
CAN,202109,712,37,1,0,1638,2388,1790357.0,578045.0,13.0
CAN,202110,1275,20,0,0,2040,3335,2369462.0,610828.0,17.0
CAN,202111,1754,24,0,0,1828,3606,3272970.0,645540.0,21.0
CAN,202112,2732,16,1,0,2691,5440,4352254.0,684003.0,25.0
CAN,202113,1856,73,3,0,2414,4346,5617912.0,731817.0,29.0
CAN,202114,2131,77,14,0,2954,5176,7069756.0,830187.0,34.0
CAN,202115,2795,92,39,0,2552,5478,8948776.0,931734.0,40.0
CAN,202116,2854,67,71,0,2126,5118,10887081.0,1036073.0,61.0
CAN,202117,3293,87,117,0,2488,5985,12621256.0,1150212.0,88.0
CAN,202118,2908,30,162,0,1669,4769,14505759.0,1278194.0,127.0
CAN,202119,2323,15,300,0,1411,4049,16809433.0,1438441.0,157.0
CAN,202120,1923,22,312,0,1211,3468,19202734.0,1682472.0,196.0
CAN,202121,1516,8,302,0,783,2609,21326713.0,2007771.0,250.0
CAN,202122,1151,21,244,0,708,2124,23182309.0,2779889.0,367.0
CAN,202123,1189,11,416,0,603,2219,24441652.0,4411834.0,482.0
CAN,202124,946,10,588,0,505,2049,25174615.0,6884371.0,734.0
CAN,202125,893,18,479,0,370,1760,25607135.0,9756793.0,993.0
CAN,202126,293,10,387,0,166,856,25973342.0,13040331.0,1400.0
CAN,202127,195,4,421,0,138,758,26289540.0,16164935.0,2848.0
CAN,202128,180,2,507,0,106,795,26577081.0,18681854.0,3212.0
CAN,202129,159,3,1277,0,103,1542,26833628.0,20782670.0,3622.0
CAN,202130,162,1,2491,0,68,2722,27077956.0,22387511.0,5912.0
CAN,202131,191,0,3917,0,89,4197,27267957.0,23371737.0,8520.0
CAN,202132,149,1,5715,0,68,5933,27460625.0,24150522.0,11526.0
CAN,202133,95,0,6834,0,31,6960,27670230.0,24827798.0,14521.0
CAN,202134,40,0,7204,0,19,7263,27889979.0,25342990.0,17533.0
CAN,202135,55,0,6741,0,27,6823,28134625.0,25747556.0,24029.0
CAN,202136,30,0,5422,0,2,5454,28362033.0,26064301.0,33907.0
CAN,202137,9,0,3738,0,5,3752,28615738.0,26393304.0,87594.0
CAN,202138,3,0,3205,0,0,3208,28917922.0,26768204.0,160883.0
CAN,202139,2,0,3738,0,2,3742,29154116.0,27111048.0,201895.0
CAN,202140,1,0,4702,0,3,4706,29360765.0,27422667.0,287709.0
CAN,202141,5,0,3464,0,1,3470,29529148.0,27700461.0,376490.0
CAN,202142,0,0,3774,0,0,3774,29678581.0,27988077.0,481506.0
CAN,202143,1,1,2885,0,3,2890,29807715.0,28257567.0,582243.0
CAN,202144,0,0,3939,0,1,3940,29896719.0,28460991.0,719941.0
CAN,202145,0,0,2777,1,1,2779,29995360.0,28657208.0,872652.0
CAN,202146,1,0,3191,0,1,3193,30089856.0,28841059.0,1028771.0
CAN,202147,0,0,3312,16,4,3332,30219987.0,28977403.0,1189063.0
CAN,202148,0,0,5862,115,2,5979,30682914.0,29093311.0,2176843.0
CAN,202149,0,0,4433,1330,5,5768,31094750.0,29191699.0,2869412.0
CAN,202150,0,0,2426,3288,0,5714,31414588.0,29279704.0,4169176.0
CAN,202151,0,0,1063,5792,0,6855,31644988.0,29366937.0,6182099.0
CAN,202152,0,0,183,2261,0,2444,31751774.0,29419071.0,7687816.0
CAN,202201,0,0,46,371,0,417,31886448.0,29517260.0,9695037.0
CAN,202202,0,0,0,6,0,6,32056496.0,29655803.0,11930193.0
CHL,202052,1,0,0,0,40,41,8339.0,,
CHL,202053,8,0,1,0,32,41,8648.0,,
CHL,202101,3,0,0,0,50,53,10702.0,,
CHL,202102,0,0,0,0,44,44,13803.0,8371.0,
CHL,202103,0,0,0,0,22,22,56996.0,8376.0,
CHL,202104,0,0,0,0,22,22,57034.0,10413.0,
CHL,202105,1,0,0,0,29,30,611374.0,13203.0,
CHL,202106,2,0,0,0,41,43,1866748.0,55857.0,
CHL,202107,1,0,0,0,47,48,2852325.0,55871.0,
CHL,202108,5,0,0,0,51,56,3316213.0,56374.0,
CHL,202109,6,0,0,0,26,32,4061224.0,575150.0,
CHL,202110,5,0,0,0,52,57,4820800.0,1794649.0,
CHL,202111,6,0,0,0,80,86,5611455.0,2882917.0,
CHL,202112,4,0,0,0,96,100,6402843.0,3270841.0,
CHL,202113,15,0,0,0,124,139,6954871.0,3860101.0,
CHL,202114,14,2,0,0,170,186,7382469.0,4676688.0,
CHL,202115,8,0,0,0,152,160,7744789.0,5443123.0,
CHL,202116,12,0,0,0,246,258,7962038.0,6193225.0,
CHL,202117,8,0,0,0,301,309,8171012.0,6768849.0,
CHL,202118,13,0,0,0,320,333,8593605.0,7176835.0,
CHL,202119,8,0,0,0,286,294,9111549.0,7529250.0,
CHL,202120,6,1,0,0,201,208,9662062.0,7736793.0,
CHL,202121,8,0,0,0,213,221,10566330.0,7987131.0,
CHL,202122,5,0,0,0,249,254,11210589.0,8459332.0,
CHL,202123,7,0,0,0,336,343,11686794.0,9046896.0,
CHL,202124,5,0,2,0,360,367,12150640.0,9590685.0,
CHL,202125,6,1,2,0,380,389,12572925.0,10410987.0,
CHL,202126,3,0,9,0,462,474,12917499.0,10981568.0,
CHL,202127,4,0,9,0,369,382,13246124.0,11477995.0,
CHL,202128,3,0,9,0,330,342,13532098.0,11936267.0,
CHL,202129,4,0,18,0,228,250,13781574.0,12291375.0,
CHL,202130,6,0,33,0,308,347,13837100.0,12563971.0,
CHL,202131,3,0,40,0,420,463,14063300.0,12751142.0,
CHL,202132,5,0,85,0,423,513,14216658.0,13040101.0,260796.0
CHL,202133,1,0,101,0,298,400,14304096.0,13288232.0,911085.0
CHL,202134,3,0,147,0,382,532,14386943.0,13496383.0,1313186.0
CHL,202135,1,0,244,0,356,601,14439334.0,13751038.0,1819784.0
CHL,202136,0,0,400,0,249,649,14479491.0,13913807.0,2388399.0
CHL,202137,0,0,442,0,141,583,14683033.0,14018655.0,2664219.0
CHL,202138,0,0,813,0,144,957,15011888.0,14105983.0,3018594.0
CHL,202139,0,0,825,0,88,913,15584944.0,14172883.0,3428562.0
CHL,202140,0,0,692,0,43,735,15938174.0,14223919.0,3825079.0
CHL,202141,0,0,606,0,34,640,16146928.0,14394526.0,4263494.0
CHL,202142,0,0,648,0,12,660,16340003.0,14663130.0,4944646.0
CHL,202143,0,0,632,0,9,641,16496654.0,15134680.0,5882701.0
CHL,202144,0,0,570,0,13,583,16602865.0,15473627.0,6597058.0
CHL,202145,0,0,431,0,4,435,16708453.0,15739339.0,7273761.0
CHL,202146,0,0,340,0,2,342,16791385.0,15946779.0,7898044.0
CHL,202147,0,0,268,1,5,274,16850591.0,16107356.0,8373195.0
CHL,202148,0,0,205,1,0,206,16906262.0,16226534.0,8988608.0
CHL,202149,0,0,245,31,2,278,17018291.0,16321357.0,9461252.0
CHL,202150,0,0,338,198,4,540,17159351.0,16417765.0,9972521.0
CHL,202151,0,0,92,121,0,213,17223893.0,16472694.0,10300288.0
CHL,202152,0,0,19,18,0,37,17302463.0,16540538.0,11042902.0
COL,202107,2,0,1,0,11,14,,,
COL,202108,1,0,0,0,19,20,,,
COL,202109,1,0,0,0,47,48,,,
COL,202110,1,0,0,0,45,46,749059.0,33242.0,
COL,202111,2,0,0,0,33,35,1127570.0,54528.0,
COL,202112,8,0,0,0,51,59,1550856.0,176068.0,
COL,202113,7,0,0,0,80,87,1989856.0,391193.0,
COL,202114,35,0,0,0,429,464,2232564.0,808785.0,
COL,202115,45,0,0,0,282,327,2571554.0,1135662.0,
COL,202116,10,0,0,0,207,217,3008636.0,1391979.0,
COL,202117,7,0,0,0,219,226,3412223.0,1700471.0,
COL,202118,7,0,0,0,175,182,,,
COL,202119,1,0,1,0,176,178,4552042.0,2822391.0,
COL,202120,3,0,1,0,126,130,5126062.0,3109420.0,
COL,202121,2,0,0,0,69,71,6399229.0,3262037.0,
COL,202122,0,0,1,0,104,105,8053098.0,3432806.0,
COL,202123,0,0,1,0,161,162,9117737.0,3800204.0,
COL,202124,0,0,0,0,108,108,10071423.0,4656103.0,
COL,202125,0,0,4,0,121,125,11076086.0,5948340.0,
COL,202126,0,0,3,0,218,221,11902048.0,7436866.0,
COL,202127,1,0,7,0,220,228,12840321.0,8305787.0,
COL,202128,0,0,33,0,456,489,14963437.0,10255069.0,
COL,202129,0,0,26,0,428,454,,,
COL,202130,1,0,30,0,372,403,17801838.0,12179103.0,
COL,202131,1,0,84,0,517,602,19634688.0,13182770.0,
COL,202132,1,0,79,0,321,401,20669967.0,13749209.0,
COL,202133,1,0,142,0,275,418,21753014.0,14208967.0,
COL,202134,1,0,137,0,215,353,23201104.0,14639269.0,
COL,202135,0,0,94,0,114,208,24111434.0,14912159.0,
COL,202136,0,0,121,0,77,198,,,
COL,202137,0,0,178,0,117,295,25114159.0,16137068.0,
COL,202138,0,0,284,0,138,422,25888829.0,16538611.0,
COL,202139,0,0,335,0,118,453,,,
COL,202140,1,0,373,0,82,456,27832514.0,18501504.0,
COL,202141,0,0,333,0,60,393,,,
COL,202142,0,0,286,0,52,338,29331273.0,20498474.0,
COL,202143,0,0,289,0,38,327,30087518.0,21356231.0,
COL,202144,0,0,346,0,33,379,,22069693.0,
COL,202145,0,0,289,0,36,325,,,
COL,202146,0,0,226,0,19,245,,23663901.0,
COL,202147,0,0,155,1,17,173,,24420606.0,
COL,202148,0,0,153,1,16,170,,,
COL,202149,0,0,99,9,5,113,,26168206.0,
COL,202150,0,0,86,48,23,157,37836418.0,27199605.0,2677561.0
COL,202151,0,0,34,154,15,203,,,
COL,202152,0,0,17,205,3,225,,,
COL,202201,0,0,7,148,6,161,38790254.0,29160533.0,3872825.0
COL,202202,0,0,1,14,2,17,39227216.0,29932016.0,4485722.0
DEU,202053,12,5,1,0,265,283,280189.0,948.0,2.0
DEU,202101,7,2,0,0,493,502,642764.0,1703.0,2.0
DEU,202102,89,16,0,0,923,1028,1170087.0,4548.0,2.0
DEU,202103,235,10,0,0,1827,2072,1605290.0,248068.0,3.0
DEU,202104,476,15,0,0,2544,3035,1916405.0,572275.0,6.0
DEU,202105,753,43,0,0,2471,3267,2307889.0,1030867.0,7.0
DEU,202106,1674,66,0,0,2377,4117,2745341.0,1455670.0,8.0
DEU,202107,2492,78,0,0,2425,4995,3300211.0,1795909.0,9.0
DEU,202108,2693,114,0,0,2606,5413,4069733.0,2169596.0,12.0
DEU,202109,3553,140,0,0,2156,5849,5189378.0,2546449.0,27.0
DEU,202110,4965,184,1,0,1679,6829,6582844.0,2936806.0,31.0
DEU,202111,6232,155,1,0,1124,7512,7590305.0,3395240.0,35.0
DEU,202112,7085,180,3,0,920,8188,9137614.0,3917347.0,40.0
DEU,202113,7529,158,0,0,715,8402,10534838.0,4478689.0,44.0
DEU,202114,7424,176,10,0,476,8086,13174519.0,5033418.0,57.0
DEU,202115,10387,204,17,0,486,11094,16377278.0,5519001.0,66.0
DEU,202116,9691,125,56,0,346,10218,19470170.0,5951930.0,78.0
DEU,202117,8688,140,74,0,306,9208,23510025.0,6643353.0,91.0
DEU,202118,8521,197,164,0,410,9292,27364139.0,7841677.0,105.0
DEU,202119,5956,89,115,0,221,6381,30860710.0,9353370.0,117.0
DEU,202120,5057,56,197,0,284,5594,33609492.0,11772693.0,132.0
DEU,202121,3916,31,191,0,256,4394,35849736.0,14660915.0,157.0
DEU,202122,2657,28,310,0,200,3195,38074232.0,17791323.0,312.0
DEU,202123,1618,10,444,0,218,2290,40493727.0,21937243.0,518.0
DEU,202124,716,14,599,0,133,1462,42838763.0,25920438.0,620.0
DEU,202125,389,5,688,0,90,1172,45222831.0,29480724.0,689.0
DEU,202126,235,3,927,0,115,1280,47533302.0,32409997.0,769.0
DEU,202127,122,2,1164,0,77,1365,49120339.0,35482082.0,910.0
DEU,202128,72,2,1554,0,68,1696,50250148.0,38634179.0,1181.0
DEU,202129,52,0,2782,0,31,2865,51077298.0,41271884.0,1603.0
DEU,202130,33,3,2602,0,29,2667,51743649.0,43688190.0,2463.0
DEU,202131,33,0,3434,0,14,3481,52308294.0,45814289.0,4171.0
DEU,202132,27,0,5188,0,14,5229,52909401.0,47795098.0,6175.0
DEU,202133,29,0,7404,0,14,7447,53609750.0,49209049.0,8340.0
DEU,202134,21,0,9671,0,11,9703,54324581.0,50257340.0,12719.0
DEU,202135,11,7,9833,0,12,9863,54953856.0,51087174.0,73347.0
DEU,202136,9,1,10775,0,11,10796,55482801.0,51810078.0,198700.0
DEU,202137,1,0,9243,0,4,9248,56011864.0,52578409.0,380614.0
DEU,202138,1,0,8654,0,14,8669,56465574.0,53317363.0,606987.0
DEU,202139,5,0,7107,0,4,7116,56821425.0,53888372.0,820725.0
DEU,202140,1,0,6763,0,2,6766,57109827.0,54349354.0,1038438.0
DEU,202141,0,0,5497,0,2,5499,57373244.0,54776812.0,1296937.0
DEU,202142,0,0,8164,0,4,8168,57606077.0,55160532.0,1607323.0
DEU,202143,0,0,7524,0,2,7526,57843414.0,55550560.0,2085713.0
DEU,202144,0,0,8600,0,4,8604,58068321.0,55879157.0,2769796.0
DEU,202145,3,3,9676,0,5,9687,58368688.0,56232387.0,3936363.0
DEU,202146,0,0,11997,0,2,11999,58752603.0,56591663.0,5897047.0
DEU,202147,0,1,11515,32,6,11554,59397595.0,57009348.0,9333909.0
DEU,202148,1,0,11480,203,27,11711,60020368.0,57449611.0,14222714.0
DEU,202149,0,0,11901,454,27,12382,60524573.0,57909439.0,20194862.0
DEU,202150,1,0,9695,1482,17,11195,61085769.0,58510813.0,26631625.0
DEU,202151,0,0,6581,2122,51,8754,61515415.0,58962149.0,30444348.0
DEU,202152,0,0,4271,4593,35,8899,61778016.0,59256145.0,32687632.0
DEU,202201,0,0,1287,1781,1,3069,62099088.0,59820660.0,35877566.0
DEU,202202,0,0,104,161,0,265,62441977.0,60489313.0,39300754.0
ESP,202101,236,0,0,0,366,602,,,
ESP,202102,387,0,0,0,636,1023,,,
ESP,202103,428,0,0,0,1105,1533,,,
ESP,202104,403,1,1,0,1081,1486,,,
ESP,202105,528,2,0,0,976,1506,,,
ESP,202106,537,10,1,0,714,1262,,,
ESP,202107,645,10,0,0,743,1398,,,
ESP,202108,746,10,0,0,502,1258,,,
ESP,202109,860,2,0,0,436,1298,,,
ESP,202110,981,10,0,0,351,1342,,,
ESP,202111,862,14,0,0,215,1091,,,
ESP,202112,1175,9,0,0,209,1393,,,
ESP,202113,1068,35,1,0,204,1308,5707450.0,2841148.0,
ESP,202114,1181,21,0,0,238,1440,,,
ESP,202115,1360,26,0,0,221,1607,,,
ESP,202116,975,15,4,0,210,1204,,,
ESP,202117,1300,54,18,0,244,1616,,,
ESP,202118,1510,21,40,0,202,1773,,,
ESP,202119,1267,24,35,0,191,1517,,,
ESP,202120,1084,15,64,0,194,1357,,,
ESP,202121,942,27,146,0,197,1312,,,
ESP,202122,1242,9,186,0,309,1746,,,
ESP,202123,1001,27,261,0,207,1496,,,
ESP,202124,754,24,411,0,230,1419,,,
ESP,202125,565,89,659,0,186,1499,,,
ESP,202126,624,376,1768,0,218,2986,,,
ESP,202127,603,298,1916,0,196,3013,,,
ESP,202128,233,89,1913,0,129,2364,,,
ESP,202129,199,177,2329,0,101,2806,,,
ESP,202130,91,52,2268,0,81,2492,,,
ESP,202131,50,26,2705,0,83,2864,,,
ESP,202132,30,13,1949,0,58,2050,,,
ESP,202133,10,2,1727,0,44,1783,,,
ESP,202134,4,4,1661,0,36,1705,,,
ESP,202135,3,0,1458,0,24,1485,,,
ESP,202136,1,0,1223,0,12,1236,,,
ESP,202137,3,0,975,0,14,992,,,
ESP,202138,0,0,908,0,3,911,,,
ESP,202139,1,0,958,0,11,970,,,
ESP,202140,1,0,722,0,2,725,,,
ESP,202141,0,0,744,0,7,751,,,
ESP,202142,0,0,1098,0,3,1101,,,
ESP,202143,0,0,989,0,14,1003,38037531.0,37317388.0,1074853.0
ESP,202144,0,0,1228,0,13,1241,,,
ESP,202145,1,0,1223,0,6,1230,,,
ESP,202146,0,0,1888,0,5,1893,,,
ESP,202147,0,0,1728,7,2,1737,,,
ESP,202148,0,0,1863,55,3,1921,,,
ESP,202149,0,0,1609,278,2,1889,,,
ESP,202150,0,0,1139,943,6,2088,,,
ESP,202151,1,0,652,1100,2,1755,,,
ESP,202152,0,0,217,998,0,1215,,,
ESP,202201,0,0,119,847,1,967,,,
ESP,202202,0,0,6,89,0,95,,,
ESP,202203,0,0,0,6,0,6,40750121.0,38227400.0,19111590.0
GBR,202102,12563,40,2,0,3042,15647,3872394.0,450062.0,
GBR,202103,13244,33,3,0,2174,15454,6353321.0,469660.0,
GBR,202104,19175,23,5,0,1719,20922,8977329.0,491053.0,
GBR,202105,11443,19,3,0,866,12331,12015018.0,511719.0,
GBR,202106,14401,29,1,0,707,15138,15062189.0,537715.0,
GBR,202107,16242,18,4,0,597,16861,17582121.0,615148.0,
GBR,202108,16543,29,2,0,447,17021,20089551.0,796132.0,
GBR,202109,14353,37,0,0,360,14750,22213112.0,1122402.0,
GBR,202110,16989,38,5,0,346,17378,24196211.0,1584909.0,
GBR,202111,16408,69,3,0,243,16723,27630970.0,2228772.0,
GBR,202112,17479,66,4,0,216,17765,30151736.0,3532378.0,
GBR,202113,12733,66,21,0,172,12992,31533568.0,5384418.0,
GBR,202114,8308,70,68,0,166,8612,32121353.0,7466540.0,
GBR,202115,7342,57,172,0,210,7781,32849223.0,9930846.0,
GBR,202116,6754,53,415,0,203,7425,33673190.0,12636322.0,
GBR,202117,6016,59,771,0,181,7027,34505380.0,15329617.0,
GBR,202118,5089,42,1625,0,160,6916,35371669.0,17669379.0,
GBR,202119,4162,23,2940,0,125,7250,36573354.0,20103658.0,
GBR,202120,3227,12,5600,0,85,8924,37943681.0,22643417.0,
GBR,202121,3031,16,10447,0,79,13573,39259168.0,25332851.0,
GBR,202122,2545,14,18579,0,58,21196,40333231.0,27661353.0,
GBR,202123,1241,14,16042,0,58,17355,41551201.0,29792658.0,
GBR,202124,412,1,16288,0,78,16779,42964013.0,31340507.0,
GBR,202125,306,5,23754,0,21,24086,44314799.0,32460191.0,
GBR,202126,225,0,29327,0,26,29578,45274497.0,33614952.0,
GBR,202127,149,0,27143,0,21,27313,45881721.0,34764511.0,
GBR,202128,32,2,21959,0,30,22023,46295853.0,35970849.0,
GBR,202129,62,3,31827,0,27,31919,46564660.0,37169428.0,
GBR,202130,144,2,33764,0,20,33930,46816382.0,38322171.0,
GBR,202131,17,3,31692,0,13,31725,47036796.0,39429468.0,
GBR,202132,9,1,28076,0,13,28099,47302445.0,40577198.0,
GBR,202133,8,0,34991,0,8,35007,47650396.0,41694401.0,
GBR,202134,15,0,38518,0,11,38544,48003976.0,42644497.0,
GBR,202135,8,0,39533,0,12,39553,48248318.0,43381890.0,
GBR,202136,7,1,37044,0,0,37052,48424317.0,43995478.0,
GBR,202137,9,0,38646,0,3,38658,48570774.0,44435615.0,
GBR,202138,9,0,37786,0,32,37827,48724823.0,44741032.0,
GBR,202139,1,0,37805,0,31,37837,48932736.0,44970512.0,1216575.0
GBR,202140,6,1,39972,0,6,39985,49164814.0,45169730.0,2350533.0
GBR,202141,3,1,37263,0,17,37284,49404916.0,45360146.0,3959791.0
GBR,202142,2,0,41044,0,5,41051,49689481.0,45543363.0,6026503.0
GBR,202143,6,0,41974,0,3,41983,49959923.0,45698902.0,7951280.0
GBR,202144,0,0,46172,1,1,46174,50236895.0,45838067.0,10092659.0
GBR,202145,0,1,52302,0,7,52310,50559566.0,46010861.0,12643402.0
GBR,202146,0,0,52243,4,3,52250,50761050.0,46154408.0,15093316.0
GBR,202147,3,1,57440,156,9,57609,50919834.0,46311612.0,17611529.0
GBR,202148,0,0,63035,966,8,64009,51096311.0,46530247.0,20290479.0
GBR,202149,0,0,56816,8206,37,65059,51255850.0,46745007.0,23164197.0
GBR,202150,0,0,29757,38960,72,68789,51464883.0,47011972.0,28131778.0
GBR,202151,0,0,7672,32705,44,40421,51661421.0,47268984.0,32470336.0
GBR,202152,0,0,2725,53112,36,55873,51789045.0,47437009.0,34110670.0
GBR,202201,0,0,956,51957,23,52936,51952400.0,47687370.0,35522669.0
GBR,202202,0,0,300,38143,9,38452,52100163.0,47926017.0,36412220.0
GBR,202203,0,0,1,273,0,274,52203675.0,48115948.0,36821284.0
GRC,202053,9,0,0,0,94,103,3149.0,,
GRC,202101,9,0,0,0,51,60,40427.0,,
GRC,202102,6,2,0,0,5,13,80389.0,2.0,
GRC,202103,37,1,0,0,85,123,156966.0,3135.0,
GRC,202104,27,0,0,0,28,55,232399.0,38888.0,
GRC,202105,34,6,0,0,23,63,318097.0,79760.0,
GRC,202106,19,4,0,0,35,58,371462.0,154907.0,
GRC,202107,35,1,0,0,42,78,465842.0,227594.0,
GRC,202108,322,3,0,0,79,404,572174.0,313647.0,
GRC,202109,629,1,0,0,50,680,725388.0,366360.0,
GRC,202110,565,2,0,0,26,593,877402.0,406067.0,
GRC,202111,431,1,0,0,37,469,977045.0,459441.0,
GRC,202112,153,0,1,0,26,180,1055744.0,548488.0,
GRC,202113,151,6,0,0,18,175,1171420.0,658934.0,
GRC,202114,335,5,0,0,49,389,1435503.0,733840.0,
GRC,202115,189,0,0,0,24,213,1721650.0,770197.0,
GRC,202116,527,2,1,0,127,657,2004512.0,817103.0,
GRC,202117,471,3,7,0,123,604,2170847.0,944481.0,
GRC,202118,530,2,1,0,75,608,2450303.0,1216683.0,
GRC,202119,497,3,0,0,157,657,2772414.0,1568229.0,
GRC,202120,217,2,0,0,114,333,3200861.0,1791271.0,
GRC,202121,208,0,0,0,40,248,3589514.0,2010989.0,
GRC,202122,11,0,0,0,68,79,3904249.0,2305626.0,
GRC,202123,37,2,1,0,58,98,4187201.0,2743851.0,
GRC,202124,40,0,6,0,42,88,4468526.0,3171374.0,
GRC,202125,2,0,0,0,1,3,4714281.0,3534001.0,
GRC,202126,3,2,8,0,3,16,4970687.0,3917016.0,
GRC,202127,106,5,49,0,3,163,5244136.0,4255688.0,
GRC,202128,2,4,104,0,7,117,5430103.0,4586714.0,
GRC,202129,8,0,348,0,4,360,5598628.0,4881022.0,
GRC,202130,32,2,275,0,4,313,5705615.0,5165666.0,
GRC,202131,1,0,81,0,2,84,5791340.0,5360158.0,
GRC,202132,6,0,154,0,0,160,5838499.0,5504723.0,
GRC,202133,0,0,15,0,0,15,5904497.0,5614071.0,
GRC,202135,1,0,296,0,0,297,6141453.0,5776111.0,
GRC,202136,0,0,432,0,0,432,6259410.0,5845008.0,
GRC,202137,0,0,248,0,0,248,6362613.0,5939715.0,11264.0
GRC,202138,0,0,209,0,0,209,6417004.0,6055656.0,22163.0
GRC,202139,0,0,131,0,0,131,6458355.0,6159873.0,44533.0
GRC,202140,0,0,11,0,0,11,6496909.0,6243934.0,114462.0
GRC,202142,0,0,3,0,0,3,6593178.0,6341057.0,280550.0
GRC,202143,0,0,91,0,3,94,6638614.0,6373321.0,339888.0
GRC,202144,0,0,233,0,12,245,6710437.0,6417044.0,443552.0
GRC,202145,0,0,273,0,10,283,6797021.0,6464346.0,627571.0
GRC,202146,0,0,329,0,9,338,6903597.0,6512821.0,895476.0
GRC,202147,0,0,219,0,24,243,7017407.0,6580353.0,1241427.0
GRC,202148,0,0,704,2,25,731,7111208.0,6659001.0,1644029.0
GRC,202149,0,0,114,10,13,137,7225914.0,6758054.0,2196053.0
GRC,202150,0,0,106,45,3,154,7325305.0,6854270.0,2751730.0
GRC,202151,0,0,3,196,0,199,7410988.0,6924245.0,3202459.0
GRC,202152,0,0,2,71,0,73,7469232.0,7011997.0,3514331.0
IDN,202102,0,0,3,0,226,229,,,
IDN,202103,0,0,0,0,184,184,,,
IDN,202104,1,2,0,0,126,129,482145.0,20810.0,
IDN,202105,2,0,1,0,118,121,777096.0,137207.0,
IDN,202106,3,0,3,0,67,73,1060326.0,415486.0,
IDN,202107,1,0,0,0,124,125,1224091.0,732634.0,
IDN,202108,2,0,0,0,146,148,1616165.0,982370.0,
IDN,202109,0,0,0,0,143,143,,,
IDN,202110,3,1,3,0,124,131,3985596.0,1454836.0,
IDN,202111,0,0,3,0,125,128,5124948.0,2221200.0,
IDN,202112,0,0,2,0,112,114,7179014.0,3233810.0,
IDN,202113,2,1,4,0,58,65,8533422.0,3951869.0,
IDN,202114,2,0,14,0,106,122,9955433.0,5050524.0,
IDN,202115,0,1,5,0,71,77,10801244.0,5889716.0,
IDN,202116,4,0,8,0,99,111,11699585.0,6784594.0,
IDN,202117,12,1,17,0,104,134,12443263.0,7667583.0,
IDN,202118,4,8,12,0,175,199,13284422.0,8583854.0,
IDN,202119,11,3,10,0,127,151,13721627.0,8954300.0,
IDN,202120,4,1,18,0,228,251,14815666.0,9825499.0,
IDN,202121,7,2,116,0,156,281,16203829.0,10554796.0,
IDN,202122,9,2,194,0,149,354,17581464.0,11121469.0,
IDN,202123,1,0,260,0,93,354,20044187.0,11559138.0,
IDN,202124,1,0,409,0,89,499,22873342.0,12212906.0,
IDN,202125,0,0,522,0,48,570,26032131.0,13018524.0,
IDN,202126,8,0,474,0,46,528,31573240.0,13922732.0,
IDN,202127,0,0,450,0,27,477,36193076.0,14969330.0,
IDN,202128,0,0,396,0,17,413,41268627.0,16217855.0,
IDN,202129,1,0,376,0,8,385,44107926.0,17475996.0,
IDN,202130,0,0,473,0,5,478,47226514.0,20534823.0,
IDN,202131,0,0,533,0,11,544,49801823.0,23345264.0,
IDN,202132,0,0,261,0,1,262,53618870.0,27793556.0,
IDN,202133,0,0,300,0,0,300,56986150.0,31210922.0,
IDN,202134,0,0,298,0,1,299,61222258.0,34702821.0,
IDN,202135,0,0,318,0,3,321,66353669.0,38030652.0,
IDN,202136,0,0,226,0,2,228,72248720.0,,
IDN,202137,0,0,199,0,2,201,78540519.0,,
IDN,202138,0,0,155,0,1,156,85433518.0,,
IDN,202139,0,0,122,0,5,127,93066494.0,,
IDN,202140,0,0,128,0,1,129,99373294.0,,
IDN,202141,0,0,123,0,3,126,106669970.0,,
IDN,202142,0,0,73,0,0,73,112271928.0,,
IDN,202143,0,0,78,0,0,78,119151818.0,,
IDN,202144,0,0,45,0,0,45,124156167.0,,
IDN,202145,1,0,82,0,0,83,129710190.0,,
IDN,202146,0,0,73,0,0,73,134025009.0,,
IDN,202147,0,0,100,0,1,101,138119613.0,,
IDN,202148,0,0,98,2,2,102,142030970.0,,
IDN,202149,0,0,110,3,2,115,145910019.0,,
IDN,202150,0,0,193,18,0,211,151246296.0,,
IDN,202151,0,0,155,106,16,277,156182585.0,,
IDN,202152,0,0,180,390,2,572,161861222.0,,
IDN,202201,0,0,181,452,2,635,169580225.0,,
IDN,202202,0,0,24,268,0,292,175645471.0,,
IDN,202203,0,0,0,16,0,16,180714550.0,,
IND,202102,14,0,26,0,506,546,191181.0,,
IND,202103,30,1,5,0,621,657,1582201.0,,
IND,202104,12,0,10,0,401,423,3744334.0,,
IND,202105,44,6,38,0,827,915,5775322.0,,
IND,202106,70,0,96,0,490,656,8044786.0,7668.0,
IND,202107,87,4,13,0,896,1000,9964383.0,873940.0,
IND,202108,134,9,14,0,933,1090,11788669.0,2453878.0,
IND,202109,193,16,74,0,1074,1357,17168303.0,3754041.0,
IND,202110,528,26,90,0,1147,1791,24307635.0,5430774.0,
IND,202111,484,26,155,0,1285,1950,37125187.0,7478654.0,
IND,202112,532,44,291,0,1407,2274,51441436.0,8828346.0,
IND,202113,483,18,700,0,1239,2440,65739470.0,10240181.0,
IND,202114,440,28,1662,0,1585,3715,88885961.0,12709186.0,
IND,202115,380,31,2187,0,1102,3700,106431076.0,16191514.0,
IND,202116,253,15,2406,0,829,3503,,,
IND,202117,226,21,3165,0,940,4352,126328970.0,27297355.0,
IND,202118,55,6,2944,0,546,3551,133366482.0,34127375.0,
IND,202119,27,2,2760,0,393,3182,141132112.0,40412424.0,
IND,202120,18,2,2816,0,519,3355,149219616.0,41622881.0,
IND,202121,5,3,1939,0,363,2310,164158704.0,42930249.0,
IND,202122,9,1,2061,0,307,2378,180972102.0,44599042.0,
IND,202123,4,0,1744,0,179,1927,199655293.0,46532774.0,
IND,202124,1,4,1765,0,195,1965,221493259.0,49415053.0,
IND,202125,4,1,1665,0,210,1880,260253182.0,54588202.0,
IND,202126,3,1,1678,0,222,1904,282231365.0,62069225.0,
IND,202127,1,0,1580,0,191,1772,303171498.0,72861088.0,
IND,202128,0,0,1428,0,127,1555,321893762.0,83037953.0,
IND,202129,0,0,1673,0,100,1773,340387695.0,92763169.0,
IND,202130,0,0,1171,0,39,1210,,,
IND,202131,1,0,1663,0,98,1762,394378151.0,112432341.0,
IND,202132,1,0,1245,0,87,1333,422575401.0,121270889.0,
IND,202133,0,0,1339,0,71,1410,448292884.0,128072936.0,
IND,202134,0,0,1896,0,97,1993,483512657.0,142352109.0,
IND,202135,0,0,1870,0,58,1928,521015869.0,156729100.0,
IND,202136,1,0,1639,0,74,1714,558984568.0,174444404.0,
IND,202137,0,0,1436,0,44,1480,597205296.0,198809823.0,
IND,202138,0,0,1447,0,69,1516,629574531.0,222582168.0,
IND,202139,0,0,1047,0,68,1115,656956299.0,244047971.0,
IND,202140,2,0,1023,0,114,1139,679245181.0,263788737.0,
IND,202141,0,0,1151,0,44,1195,693992112.0,278694030.0,
IND,202142,0,0,1144,0,46,1190,714084133.0,299553298.0,
IND,202143,0,0,1072,0,62,1134,731811996.0,326677437.0,
IND,202144,0,0,708,0,62,770,740368395.0,339809082.0,
IND,202145,0,0,786,2,76,864,751481608.0,367698745.0,
IND,202146,0,0,770,1,60,831,765364845.0,398320160.0,
IND,202147,2,0,869,7,78,956,781075743.0,431417303.0,
IND,202148,0,0,882,18,100,1000,799745524.0,474060721.0,
IND,202149,0,0,756,13,123,892,815387998.0,512106250.0,
IND,202150,0,0,749,124,74,947,827368472.0,545689017.0,
IND,202151,0,0,601,735,66,1402,837078735.0,576903056.0,
IND,202152,0,0,206,591,38,835,846975771.0,607094031.0,
IND,202201,0,0,34,374,36,444,880930714.0,627076701.0,
IND,202202,0,0,3,26,0,29,908005349.0,653514044.0,4119154.0
IND,202203,0,0,1,6,0,7,928133309.0,681368115.0,7586682.0
IRL,202053,76,3,0,0,91,170,4113.0,30.0,
IRL,202101,53,2,0,0,43,98,47997.0,59.0,
IRL,202102,139,2,0,0,146,287,100694.0,85.0,
IRL,202103,135,3,0,0,63,201,147101.0,3441.0,
IRL,202104,262,0,0,0,91,353,155843.0,46157.0,
IRL,202105,609,1,0,0,136,746,164840.0,93521.0,
IRL,202106,827,2,0,0,143,972,190962.0,99651.0,
IRL,202107,497,5,0,0,69,571,234537.0,142610.0,
IRL,202108,797,12,0,0,72,881,312811.0,153074.0,
IRL,202109,692,0,0,0,35,727,393219.0,161181.0,
IRL,202110,737,7,0,0,23,767,472650.0,173303.0,
IRL,202111,873,20,0,0,33,926,516393.0,194369.0,
IRL,202112,778,5,0,0,43,826,605425.0,238877.0,
IRL,202113,530,2,4,0,12,548,696167.0,291567.0,
IRL,202114,677,7,6,0,85,775,784304.0,334864.0,
IRL,202115,648,0,8,0,37,693,895423.0,378218.0,
IRL,202116,774,1,21,0,44,840,1042030.0,429166.0,
IRL,202117,899,0,37,0,96,1032,1205757.0,480736.0,
IRL,202118,907,0,37,0,79,1023,1401377.0,539200.0,
IRL,202119,515,0,21,0,299,835,1621547.0,647035.0,
IRL,202120,1224,0,28,0,71,1323,1860937.0,778444.0,
IRL,202121,969,0,38,0,58,1065,2042872.0,922442.0,
IRL,202122,546,0,53,0,33,632,2210121.0,1044173.0,
IRL,202123,676,0,104,0,19,799,2364204.0,1186098.0,
IRL,202124,572,0,277,0,21,870,2457667.0,1460048.0,
IRL,202125,305,1,393,0,16,715,2563642.0,1734145.0,
IRL,202126,82,1,442,0,6,531,2685590.0,1983168.0,
IRL,202127,109,0,1055,0,10,1174,2821915.0,2272770.0,
IRL,202128,68,2,1315,0,3,1388,3003557.0,2515850.0,
IRL,202129,38,0,1446,0,4,1488,3215618.0,2672401.0,
IRL,202130,22,0,1566,0,3,1591,3370106.0,2827281.0,
IRL,202131,5,0,1421,0,0,1426,3470654.0,2965865.0,
IRL,202132,7,0,1233,0,2,1242,3548713.0,3124832.0,
IRL,202133,2,0,1601,0,1,1604,3635819.0,3270858.0,
IRL,202134,0,0,940,0,0,940,3704493.0,3385405.0,
IRL,202135,0,0,1257,0,1,1258,3738976.0,3473064.0,
IRL,202136,0,0,1459,0,0,1459,3758384.0,3560688.0,
IRL,202137,0,0,1000,0,0,1000,3773807.0,3636643.0,
IRL,202138,0,0,763,0,0,763,3786040.0,3687009.0,
IRL,202139,0,0,1056,0,0,1056,3796660.0,3715782.0,8420.0
IRL,202140,0,0,1300,0,1,1301,3803586.0,3734042.0,66495.0
IRL,202141,0,0,1642,0,0,1642,3810304.0,3747744.0,130575.0
IRL,202142,0,0,1272,0,0,1272,3821765.0,3760420.0,177772.0
IRL,202143,0,0,2121,0,0,2121,3833691.0,3769488.0,207324.0
IRL,202144,0,0,738,0,0,738,3842584.0,3776154.0,264870.0
IRL,202145,0,0,243,0,0,243,3850814.0,3783179.0,416603.0
IRL,202146,0,0,184,0,0,184,3860963.0,3794418.0,592053.0
IRL,202147,0,0,340,3,1,344,3870826.0,3805979.0,790690.0
IRL,202148,0,0,1387,32,1,1420,3880468.0,3816285.0,1004228.0
IRL,202149,1,0,692,163,2,858,3886398.0,3824955.0,1223205.0
IRL,202150,0,0,622,1042,3,1667,3892750.0,3834427.0,1567387.0
IRL,202151,0,0,21,367,3,391,,,
IRL,202152,0,0,7,79,1,87,3901377.0,3845749.0,2259516.0
IRL,202201,0,0,1,1,0,2,3925612.0,3851489.0,2448911.0
ISR,202051,1,1,0,0,19,21,84.0,4.0,
ISR,202052,65,0,0,0,173,238,284452.0,4.0,
ISR,202053,145,7,1,0,962,1115,1135069.0,5.0,
ISR,202101,451,22,7,0,421,901,1892513.0,46.0,
ISR,202102,255,32,3,0,330,620,2144018.0,248574.0,
ISR,202103,295,9,0,0,249,553,2579509.0,1024050.0,
ISR,202104,562,13,8,0,329,912,3036509.0,1793564.0,
ISR,202105,785,57,0,0,225,1067,3450591.0,2079782.0,
ISR,202106,533,21,0,0,176,730,3847640.0,2493621.0,
ISR,202107,311,11,0,0,99,421,4289649.0,2938638.0,
ISR,202108,793,25,0,0,149,967,4688197.0,3349024.0,
ISR,202109,957,28,0,0,72,1057,4924925.0,3742566.0,
ISR,202110,248,2,0,0,16,266,5075702.0,4159445.0,
ISR,202111,542,2,0,0,14,558,5181136.0,4543270.0,
ISR,202112,338,3,0,0,11,352,5237603.0,4730922.0,
ISR,202113,20,1,0,0,4,25,5274875.0,4836965.0,
ISR,202114,758,1,4,0,29,792,5327109.0,4939550.0,
ISR,202115,241,0,22,0,31,294,5359146.0,4986203.0,
ISR,202116,176,1,11,0,11,199,5394443.0,5026802.0,
ISR,202117,158,0,9,0,17,184,5420224.0,5066635.0,
ISR,202118,90,0,15,0,40,145,5439305.0,5093183.0,
ISR,202119,43,1,7,0,20,71,5452682.0,5114953.0,
ISR,202120,119,2,10,0,15,146,5461163.0,5132415.0,
ISR,202121,4,1,2,0,6,13,5471351.0,5148880.0,
ISR,202122,25,0,25,0,8,58,5480228.0,5158506.0,
ISR,202123,6,1,41,0,12,60,5500930.0,5164613.0,
ISR,202124,4,0,47,0,7,58,5516865.0,5171368.0,
ISR,202125,3,0,547,0,56,606,5564144.0,5178649.0,
ISR,202126,47,0,1284,0,172,1503,5654445.0,5197853.0,22.0
ISR,202127,9,0,430,0,73,512,5755776.0,5214623.0,64.0
ISR,202128,1,1,125,0,8,135,5769678.0,5250376.0,1116.0
ISR,202129,1,0,266,0,41,308,5785238.0,5317893.0,2989.0
ISR,202130,1,0,548,0,93,642,5812744.0,5400992.0,15197.0
ISR,202131,0,0,765,0,58,823,5833545.0,5419852.0,424913.0
ISR,202132,4,0,1072,0,146,1222,5868050.0,5437982.0,867177.0
ISR,202133,0,0,371,0,43,414,5916631.0,5466276.0,1384046.0
ISR,202134,0,0,1048,0,168,1216,5976895.0,5493748.0,1972005.0
ISR,202135,0,0,933,0,115,1048,6035982.0,5532238.0,2594556.0
ISR,202136,0,0,1177,0,89,1266,6060836.0,5563233.0,2828944.0
ISR,202137,0,0,1109,0,114,1223,6085561.0,5600452.0,3053662.0
ISR,202138,0,0,297,0,22,319,6110005.0,5637233.0,3208891.0
ISR,202139,0,0,383,0,50,433,6150431.0,5671530.0,3490377.0
ISR,202140,0,0,558,0,47,605,6199898.0,5702895.0,3747785.0
ISR,202141,0,0,743,0,115,858,6222672.0,5720147.0,3844731.0
ISR,202142,0,0,574,0,99,673,6237926.0,5733499.0,3907168.0
ISR,202143,0,0,396,0,16,412,6251462.0,5747729.0,3956134.0
ISR,202144,0,0,797,0,127,924,6262446.0,5760163.0,3994275.0
ISR,202145,0,0,551,0,57,608,6270906.0,5769673.0,4025263.0
ISR,202146,0,0,1337,1,145,1483,6278354.0,5778401.0,4051325.0
ISR,202147,0,0,1052,5,97,1154,6319629.0,5786929.0,4076632.0
ISR,202148,4,0,1253,31,179,1467,6375480.0,5793822.0,4102688.0
ISR,202149,0,0,1122,114,254,1490,6411757.0,5800978.0,4127157.0
ISR,202150,0,0,1127,691,177,1995,6456105.0,5833804.0,4158343.0
ISR,202151,0,0,409,1408,47,1864,6511088.0,5886401.0,4197496.0
ISR,202152,0,0,231,1602,75,1908,6571345.0,5928756.0,4253769.0
ISR,202201,0,0,35,1006,49,1090,6626371.0,5966991.0,4562613.0
ISR,202202,0,0,0,2,0,2,6670884.0,6016820.0,4914478.0
ITA,202053,93,0,0,0,304,397,91094.0,,
ITA,202101,94,0,3,0,374,471,617157.0,15.0,
ITA,202102,77,0,13,0,535,625,1190320.0,18.0,
ITA,202103,219,0,0,0,529,748,1359093.0,81954.0,
ITA,202104,98,3,1,0,122,224,1392055.0,588801.0,
ITA,202105,509,1,0,0,446,956,1460570.0,1149593.0,
ITA,202106,527,6,0,0,813,1346,1737421.0,1325752.0,
ITA,202107,770,6,0,0,1068,1844,2201622.0,1369656.0,
ITA,202108,1062,8,0,0,893,1963,2922744.0,1430691.0,
ITA,202109,1566,4,0,0,832,2402,3827262.0,1675499.0,
ITA,202110,1812,10,0,0,731,2553,4798159.0,2017154.0,
ITA,202111,2477,14,199,0,891,3581,5424517.0,2495295.0,
ITA,202112,1318,10,0,0,241,1569,6523266.0,2994730.0,
ITA,202113,1716,11,2,0,330,2059,7806151.0,3499164.0,
ITA,202114,1630,8,2,0,243,1883,9229593.0,3962821.0,
ITA,202115,1713,6,2,0,257,1978,10873692.0,4496846.0,
ITA,202116,2297,5,18,0,616,2936,12588961.0,5238229.0,
ITA,202117,1083,4,39,0,205,1331,14587852.0,6212247.0,
ITA,202118,1104,6,75,0,211,1396,16819766.0,7378587.0,
ITA,202119,842,7,40,0,186,1075,19061600.0,8609331.0,
ITA,202120,1334,15,44,0,516,1909,21159946.0,10143521.0,
ITA,202121,547,0,85,0,177,809,23200835.0,11886370.0,
ITA,202122,605,3,73,0,219,900,25937308.0,13089147.0,
ITA,202123,410,0,161,0,188,759,29223314.0,14126751.0,
ITA,202124,321,1,239,0,195,756,31498910.0,15736112.0,
ITA,202125,579,3,349,0,359,1290,33427421.0,17763174.0,
ITA,202126,359,1,660,0,215,1235,34992504.0,20008418.0,
ITA,202127,270,0,1411,0,263,1944,35943649.0,22877120.0,
ITA,202128,127,3,1630,0,181,1941,36562015.0,26148280.0,
ITA,202129,105,1,2711,0,174,2991,37455778.0,29144213.0,
ITA,202130,67,0,2133,0,106,2306,38531285.0,31636538.0,
ITA,202131,23,2,1855,0,54,1934,39674677.0,33487142.0,
ITA,202132,13,0,1682,0,20,1715,40753906.0,34595794.0,
ITA,202133,7,0,1506,0,12,1525,41515693.0,35279533.0,
ITA,202134,2,0,1861,0,81,1944,42322075.0,36290301.0,
ITA,202135,7,0,1713,0,33,1753,43165900.0,37424269.0,
ITA,202136,3,0,986,0,17,1006,43771762.0,38571172.0,
ITA,202137,1,0,1261,0,21,1283,44257159.0,39582217.0,3639.0
ITA,202138,3,0,1195,0,6,1204,44851001.0,40518466.0,54718.0
ITA,202139,2,0,1300,0,40,1342,45372709.0,41197130.0,139772.0
ITA,202140,7,0,1165,0,34,1206,45760253.0,41680678.0,339340.0
ITA,202141,41,0,943,0,19,1003,46198242.0,42221295.0,642913.0
ITA,202142,2,0,1305,0,20,1327,46457427.0,42703958.0,1082506.0
ITA,202143,0,0,1285,0,29,1314,46606900.0,43074902.0,1666367.0
ITA,202144,0,0,1454,0,56,1510,46716652.0,43398924.0,2281489.0
ITA,202145,0,0,1552,0,70,1622,46844407.0,43673927.0,3177578.0
ITA,202146,0,0,1757,0,37,1794,46971587.0,43855546.0,4289410.0
ITA,202147,1,0,1438,1,31,1471,47134422.0,43999107.0,5960503.0
ITA,202148,1,0,1265,10,30,1306,47351462.0,44132376.0,8520930.0
ITA,202149,2,0,2419,30,79,2530,47594991.0,44266729.0,11430335.0
ITA,202150,1,0,1396,216,14,1627,47855473.0,44416811.0,14699002.0
ITA,202151,1,0,1734,1089,97,2921,48078387.0,44547743.0,17118167.0
ITA,202152,0,0,352,998,22,1372,48349463.0,44705764.0,19691261.0
ITA,202201,0,0,347,1407,90,1844,48816231.0,44969118.0,22947165.0
ITA,202202,0,0,30,259,4,293,49363684.0,45293371.0,26698770.0
ITA,202203,0,0,2,115,0,117,49777074.0,45590934.0,29955140.0
JPN,202107,41,1,0,0,595,637,,,
JPN,202108,63,8,0,0,487,558,,,
JPN,202109,114,1,0,0,617,732,,,
JPN,202110,178,1,0,0,785,964,,,
JPN,202111,340,5,0,0,823,1168,,,
JPN,202112,730,6,0,0,895,1631,,,
JPN,202113,1462,9,2,0,928,2401,,,
JPN,202114,1461,12,5,0,954,2432,,,
JPN,202115,2151,4,12,0,933,3100,1241857.0,718396.0,
JPN,202116,3417,7,13,0,757,4194,2139249.0,878734.0,
JPN,202117,5048,5,39,0,637,5729,3366138.0,1042998.0,
JPN,202118,4082,2,71,0,494,4649,3937048.0,1175907.0,
JPN,202119,4574,4,73,0,327,4978,5345306.0,1942010.0,
JPN,202120,3239,5,62,0,211,3517,7659583.0,3081418.0,
JPN,202121,2342,1,61,0,153,2557,11525902.0,3716306.0,
JPN,202122,1860,3,76,0,76,2015,16104176.0,4992687.0,
JPN,202123,2094,3,113,0,36,2246,21074665.0,7163062.0,
JPN,202124,1734,2,195,0,14,1945,25653272.0,10713878.0,
JPN,202125,1936,1,318,0,17,2272,30457515.0,15028875.0,
JPN,202126,1755,4,482,0,9,2250,34882097.0,19753265.0,
JPN,202127,2265,3,1133,0,5,3406,40453736.0,24171753.0,
JPN,202128,2072,2,1876,0,4,3954,45201289.0,28740090.0,
JPN,202129,1886,1,4028,0,8,5923,48080291.0,32669621.0,
JPN,202130,1958,2,7142,0,3,9105,51242500.0,37839052.0,
JPN,202131,890,0,6923,0,4,7817,,,
JPN,202132,837,0,11378,0,9,12224,,,
JPN,202133,616,0,16291,0,3,16910,,,
JPN,202134,313,0,14517,0,13,14843,,,
JPN,202135,132,0,10110,0,10,10252,,,
JPN,202136,49,0,6093,0,8,6150,,,
JPN,202137,12,0,3661,0,5,3678,,,
JPN,202138,4,0,1790,0,2,1796,,,
JPN,202139,1,0,1091,0,1,1093,,,
JPN,202140,0,0,714,0,1,715,,,
JPN,202141,0,0,469,0,1,470,,,
JPN,202142,0,0,254,0,0,254,,,
JPN,202143,0,0,294,0,0,294,,,
JPN,202144,0,0,236,0,0,236,,,
JPN,202145,0,0,186,0,0,186,,,
JPN,202146,0,0,200,0,0,200,,,
JPN,202147,0,0,112,2,0,114,,,
JPN,202148,0,0,165,7,0,172,,,
JPN,202149,0,0,64,24,0,88,,,
JPN,202150,0,0,58,90,0,148,,,
JPN,202151,0,0,32,215,1,248,,,
JPN,202152,0,0,14,360,0,374,,,
JPN,202201,0,0,44,649,4,697,,,
JPN,202202,0,0,0,215,1,216,,,
KEN,202109,91,7,0,0,29,127,,,
KEN,202110,57,22,0,0,29,108,,,
KEN,202111,115,23,1,0,23,162,,,
KEN,202112,65,17,0,0,12,94,,,
KEN,202113,63,19,0,0,3,85,196435.0,,
KEN,202114,32,9,9,0,6,56,,,
KEN,202115,61,9,2,0,1,73,,,
KEN,202116,37,10,3,0,4,54,,,
KEN,202117,31,20,13,0,22,86,,,
KEN,202118,39,12,8,0,5,64,,,
KEN,202119,36,8,6,0,2,52,,,
KEN,202120,53,8,36,0,5,102,,,
KEN,202121,45,4,41,0,1,91,968733.0,,
KEN,202122,31,3,44,0,0,78,975265.0,6622.0,
KEN,202123,23,2,28,0,0,53,,,
KEN,202124,23,1,58,0,0,82,994622.0,186966.0,
KEN,202125,7,0,77,0,5,89,1001711.0,277312.0,
KEN,202126,4,3,127,0,2,136,1016190.0,452718.0,
KEN,202127,9,0,133,0,4,146,,,
KEN,202128,0,0,130,0,8,138,1037353.0,581003.0,
KEN,202129,1,0,80,0,4,85,1046526.0,624415.0,
KEN,202130,4,1,189,0,4,198,,,
KEN,202131,1,0,89,0,4,94,1097830.0,695690.0,
KEN,202132,1,0,164,0,1,166,1264362.0,744186.0,
KEN,202133,1,0,141,0,0,142,1595335.0,778862.0,
KEN,202134,0,0,97,0,2,99,1925446.0,801486.0,
KEN,202135,0,0,128,0,1,129,2043504.0,811158.0,
KEN,202136,0,0,63,0,0,63,,,
KEN,202137,0,0,98,0,0,98,2480543.0,857370.0,
KEN,202138,1,0,62,0,0,63,2713427.0,886760.0,
KEN,202139,0,0,33,0,2,35,2934743.0,926037.0,
KEN,202140,2,0,47,0,3,52,3135700.0,1047852.0,
KEN,202141,0,0,13,0,1,14,3291192.0,1208987.0,
KEN,202142,0,0,12,0,0,12,3504400.0,1425936.0,
KEN,202143,0,0,20,0,0,20,3679975.0,1627206.0,
KEN,202144,0,0,18,0,0,18,3787211.0,1837019.0,
KEN,202145,0,0,31,0,1,32,,,
KEN,202146,0,0,13,0,0,13,3986501.0,2401926.0,
KEN,202147,1,0,1,0,0,2,,,
KEN,202148,0,0,9,4,0,13,,,
KEN,202149,0,0,17,7,2,26,5359346.0,3251688.0,
KEN,202150,0,0,6,0,1,7,,,
KEN,202152,0,0,1,0,0,1,,4215806.0,13215.0
KWT,202053,0,0,0,0,9,9,,,
KWT,202103,5,0,0,0,0,5,,,
KWT,202104,1,0,0,0,0,1,,,
KWT,202105,4,0,0,0,17,21,,,
KWT,202115,0,0,0,0,1,1,,,
KWT,202116,2,0,0,0,0,2,,,
KWT,202121,1,0,2,0,0,3,,,
KWT,202122,6,0,15,0,15,36,,,
KWT,202124,3,0,18,0,3,24,,,
KWT,202125,0,1,18,0,0,19,,,
KWT,202126,2,0,42,0,0,44,1452148.0,923307.0,
KWT,202127,0,0,21,0,0,21,,,
KWT,202128,0,0,5,0,0,5,,,
KWT,202130,0,0,5,0,0,5,,,
KWT,202131,0,0,3,0,0,3,,,
KWT,202132,0,0,2,0,0,2,,,
KWT,202133,0,0,36,0,0,36,,,
KWT,202134,0,0,3,0,0,3,,,
KWT,202135,0,0,0,0,2,2,,,
KWT,202136,0,0,0,0,3,3,,,
KWT,202137,0,0,0,0,13,13,,,
KWT,202138,0,0,18,0,5,23,,,
KWT,202139,0,0,2,0,6,8,,,
KWT,202140,0,0,0,0,10,10,,,
KWT,202141,0,0,0,0,13,13,,,
KWT,202142,0,0,1,0,6,7,,,
KWT,202143,0,0,0,0,13,13,,,
KWT,202144,0,0,0,0,3,3,,,
KWT,202145,0,0,0,0,2,2,,,
KWT,202146,0,0,0,0,1,1,,,
KWT,202147,0,0,0,0,11,11,,,
KWT,202148,0,0,2,0,1,3,,,
LAO,202114,0,0,0,0,2,2,,,
LAO,202117,0,0,0,0,1,1,,,
LAO,202119,0,0,0,0,1,1,493481.0,89266.0,
LAO,202123,0,0,0,0,1,1,712793.0,385921.0,
LAO,202124,0,0,0,0,1,1,753750.0,455128.0,
LAO,202125,0,0,0,0,1,1,884428.0,524103.0,
LAO,202126,0,0,0,0,2,2,,,
LAO,202127,0,0,0,0,2,2,,,
LAO,202128,0,0,0,0,1,1,1050818.0,,
LAO,202129,0,0,0,0,1,1,,,
LAO,202130,0,0,0,0,2,2,1179668.0,988156.0,
LAO,202131,0,0,0,0,1,1,,,
MWI,202111,2,3,3,0,0,8,,,
MWI,202112,0,5,0,0,0,5,109526.0,,
MWI,202113,0,1,0,0,0,1,,,
MWI,202114,0,23,0,0,0,23,204258.0,,
MWI,202115,0,13,2,0,0,15,,,
MWI,202116,0,2,2,0,0,4,,,
MWI,202117,0,1,13,0,17,31,,,
MWI,202118,0,1,1,0,0,2,318138.0,,
MWI,202119,0,1,0,0,0,1,332955.0,,
MWI,202120,0,1,1,0,0,2,344394.0,,
MWI,202121,1,0,20,0,1,22,354777.0,,
MWI,202122,0,2,35,0,0,37,,,
MWI,202123,0,3,10,0,1,14,370003.0,7611.0,
MWI,202124,0,0,37,0,0,37,383273.0,37412.0,
MWI,202125,0,1,34,0,0,35,385219.0,43102.0,
MWI,202126,0,0,32,0,1,33,,,
MWI,202127,0,0,42,0,1,43,,,
MWI,202128,0,0,15,0,2,17,,,
MWI,202129,0,0,13,0,2,15,,,
MWI,202130,0,0,16,0,0,16,453729.0,138134.0,
MWI,202131,0,0,19,0,4,23,,,
MWI,202132,0,0,6,0,0,6,565968.0,261349.0,
MWI,202133,0,0,9,0,0,9,,,
MWI,202134,0,0,3,0,0,3,,,
MWI,202135,0,0,9,0,0,9,696977.0,430476.0,
MWI,202136,0,0,12,0,3,15,710897.0,450250.0,
MWI,202137,0,0,9,0,0,9,747312.0,471299.0,
MWI,202138,0,0,2,0,0,2,788138.0,488444.0,
MWI,202143,0,0,1,0,0,1,972402.0,555220.0,
MWI,202148,0,0,0,5,0,5,1189293.0,616905.0,
MWI,202149,0,0,0,8,0,8,1254993.0,630750.0,
MWI,202150,0,0,0,21,0,21,1355692.0,651693.0,
MWI,202151,0,0,0,38,0,38,1455515.0,671609.0,
MWI,202152,0,0,0,19,0,19,1494459.0,712743.0,
MYS,202108,0,7,0,0,48,55,11990.0,14.0,
MYS,202109,0,2,0,0,16,18,128206.0,60.0,
MYS,202110,0,9,7,0,19,35,296521.0,172.0,
MYS,202111,0,3,1,0,25,29,409249.0,10984.0,
MYS,202112,2,7,1,0,29,39,455356.0,121734.0,
MYS,202113,1,4,0,0,56,61,514556.0,283187.0,
MYS,202114,7,15,7,0,75,104,578489.0,391160.0,
MYS,202115,7,42,0,0,64,113,696393.0,445490.0,
MYS,202116,7,36,0,0,24,67,799673.0,506286.0,
MYS,202117,1,30,2,0,34,67,906636.0,563635.0,
MYS,202118,0,36,6,0,51,93,1089216.0,683843.0,
MYS,202119,0,13,10,0,11,34,1203226.0,742238.0,
MYS,202120,0,24,9,0,23,56,1486654.0,881621.0,
MYS,202121,0,11,3,0,10,24,1841873.0,1041250.0,
MYS,202122,2,7,8,0,22,39,2390765.0,1143058.0,
MYS,202123,0,4,29,0,6,39,3071438.0,1349035.0,
MYS,202124,1,4,21,0,13,39,4172113.0,1610156.0,
MYS,202125,2,6,37,0,19,64,5349759.0,2050018.0,
MYS,202126,0,1,77,0,10,88,6459562.0,2579073.0,
MYS,202127,0,1,52,0,3,56,7907403.0,3504583.0,
MYS,202128,0,1,71,0,2,74,9803823.0,4533827.0,
MYS,202129,0,4,128,0,11,143,11796112.0,5545644.0,
MYS,202130,0,4,166,0,9,179,14205237.0,6908872.0,
MYS,202131,0,3,233,0,21,257,15895900.0,8687369.0,
MYS,202132,0,0,306,0,4,310,17279887.0,10623328.0,
MYS,202133,0,0,308,0,3,311,18582838.0,12975087.0,
MYS,202134,0,1,389,0,1,391,19749887.0,14794156.0,
MYS,202135,0,0,367,0,1,368,20969369.0,16153840.0,18.0
MYS,202136,0,2,460,0,1,463,21937012.0,17541434.0,79.0
MYS,202137,0,0,371,0,0,371,22510218.0,18783353.0,206.0
MYS,202138,0,1,373,0,0,374,23336014.0,20065891.0,214.0
MYS,202139,0,0,349,0,0,349,24388887.0,21166429.0,278.0
MYS,202140,0,0,294,0,0,294,25099881.0,21918946.0,1245.0
MYS,202141,0,0,165,0,0,165,25404522.0,22915826.0,21021.0
MYS,202142,0,0,207,0,0,207,25582227.0,23973200.0,99755.0
MYS,202143,0,1,241,0,0,242,25712374.0,24759892.0,302609.0
MYS,202144,0,1,234,0,2,237,25763834.0,25032364.0,583539.0
MYS,202145,0,0,201,0,1,202,25813983.0,25262038.0,1043880.0
MYS,202146,0,0,188,1,0,189,25857447.0,25396251.0,1555579.0
MYS,202147,0,0,179,0,0,179,25890464.0,25453329.0,2218022.0
MYS,202148,0,0,194,1,0,195,25922899.0,25503764.0,2936210.0
MYS,202149,0,0,138,8,0,146,25952084.0,25547171.0,3634180.0
MYS,202150,0,0,88,63,1,152,25976387.0,25580789.0,4538807.0
MYS,202151,0,0,74,191,2,267,25995444.0,25608666.0,5429398.0
MYS,202152,0,0,31,164,1,196,26014544.0,25636603.0,6366897.0
MYS,202201,0,0,12,23,0,35,26032550.0,25660227.0,7730724.0
MYS,202202,0,0,2,12,0,14,26046001.0,25678660.0,9231589.0
NLD,202101,106,9,6,0,639,760,33759.0,,
NLD,202102,180,32,14,0,663,889,76962.0,,
NLD,202103,200,18,2,0,650,870,166315.0,,
NLD,202104,323,15,0,0,795,1133,348870.0,2430.0,
NLD,202105,410,33,0,0,767,1210,544787.0,26438.0,
NLD,202106,403,35,15,0,691,1144,690505.0,97553.0,
NLD,202107,815,47,0,0,405,1267,873646.0,164216.0,
NLD,202108,1049,37,0,0,319,1405,1105088.0,277398.0,
NLD,202109,1614,42,0,0,292,1948,1314730.0,361838.0,
NLD,202110,1946,82,19,0,237,2284,1512193.0,449572.0,
NLD,202111,1553,62,0,0,154,1769,1599067.0,577129.0,
NLD,202112,1796,70,0,0,114,1980,1798470.0,675738.0,
NLD,202113,1810,49,0,0,94,1953,2139900.0,785283.0,
NLD,202114,1664,39,1,0,61,1765,2653963.0,914278.0,
NLD,202115,1730,33,24,0,52,1839,3368926.0,1005547.0,
NLD,202116,1679,26,12,0,58,1775,3903810.0,1132632.0,
NLD,202117,2057,21,21,0,66,2165,4497910.0,1264878.0,
NLD,202118,1671,15,11,0,56,1753,5067803.0,1585867.0,
NLD,202119,1663,8,28,0,51,1750,5759563.0,1931244.0,
NLD,202120,1511,3,20,0,54,1588,6269201.0,2471899.0,
NLD,202121,1281,3,58,0,38,1380,6760379.0,3089074.0,
NLD,202122,1142,0,80,0,58,1280,7340461.0,3842183.0,
NLD,202123,1151,1,171,0,45,1368,8357876.0,4532483.0,
NLD,202124,758,2,360,0,52,1172,9101713.0,5224165.0,
NLD,202125,429,1,337,0,26,793,9918882.0,5921465.0,
NLD,202126,278,1,676,0,34,989,10859915.0,6584132.0,
NLD,202127,320,0,1986,0,24,2330,11690147.0,7069209.0,
NLD,202128,166,0,2665,0,6,2837,11917053.0,7957772.0,
NLD,202129,59,0,2087,0,4,2150,12111950.0,8622300.0,
NLD,202130,25,0,1689,0,7,1721,12266903.0,9285391.0,
NLD,202131,7,0,1420,0,1,1428,12358868.0,10027092.0,
NLD,202132,9,0,1406,0,0,1415,12435358.0,10679594.0,
NLD,202133,4,0,1634,0,2,1640,12507524.0,10907701.0,
NLD,202134,3,0,2021,0,2,2026,12571272.0,11115119.0,
NLD,202135,5,1,1469,0,4,1479,12624002.0,11275789.0,
NLD,202136,2,0,1402,0,0,1404,12671461.0,11361120.0,
NLD,202137,1,0,1314,0,0,1315,12740027.0,11447913.0,
NLD,202138,0,0,1265,0,3,1268,12810736.0,11531876.0,
NLD,202139,1,0,1019,0,0,1020,12875569.0,11604354.0,
NLD,202140,0,0,1171,0,0,1171,12918014.0,11668106.0,2476.0
NLD,202141,2,1,1467,0,2,1472,12950475.0,11729202.0,19347.0
NLD,202142,0,0,1388,0,2,1390,12985679.0,11782943.0,42171.0
NLD,202143,0,0,1765,0,2,1767,13029627.0,11836532.0,61819.0
NLD,202144,0,0,1806,0,0,1806,13100565.0,11885514.0,75536.0
NLD,202145,0,0,1811,0,0,1811,13167567.0,11933831.0,89092.0
NLD,202146,0,0,1870,1,0,1871,13216813.0,11981747.0,110378.0
NLD,202147,0,0,1862,53,0,1915,13249640.0,12040117.0,345994.0
NLD,202148,0,0,1906,88,0,1994,13274280.0,12097929.0,650903.0
NLD,202149,0,0,1930,118,1,2049,13292661.0,12153055.0,1171662.0
NLD,202150,0,0,1715,495,1,2211,13307921.0,12198045.0,1972160.0
NLD,202151,0,0,1235,570,1,1806,13316450.0,12224424.0,3178969.0
NLD,202152,0,0,521,632,0,1153,13325006.0,12248233.0,4748510.0
NLD,202201,0,0,131,482,0,613,13338550.0,12273618.0,6635602.0
NLD,202202,0,0,17,189,0,206,13349032.0,12293421.0,7752708.0
NLD,202203,0,0,0,4,0,4,13355499.0,12300527.0,7990038.0
NOR,202049,0,0,0,0,108,108,0.0,,
NOR,202050,2,0,0,0,129,131,11.0,,
NOR,202051,11,0,0,0,129,140,46.0,,
NOR,202052,15,0,0,0,96,111,118.0,,
NOR,202053,7,1,0,0,143,151,2450.0,,
NOR,202101,38,1,0,0,231,270,23561.0,24.0,
NOR,202102,31,2,1,0,215,249,52541.0,76.0,
NOR,202103,59,0,1,0,407,467,81510.0,2145.0,
NOR,202104,151,2,0,0,562,715,111413.0,21502.0,
NOR,202105,201,7,0,0,469,677,181636.0,48933.0,
NOR,202106,234,31,0,0,377,642,241410.0,75856.0,
NOR,202107,423,26,0,0,310,759,301156.0,106160.0,
NOR,202108,488,56,0,0,141,685,341429.0,172705.0,
NOR,202109,608,79,0,0,113,800,406073.0,222317.0,
NOR,202110,716,62,0,0,63,841,460583.0,271187.0,
NOR,202111,716,32,0,0,55,803,519618.0,277348.0,
NOR,202112,819,30,0,0,38,887,632671.0,286625.0,
NOR,202113,410,20,0,0,12,442,723039.0,301850.0,6.0
NOR,202114,964,25,0,0,22,1011,891098.0,314003.0,10.0
NOR,202115,845,15,1,0,14,875,1087511.0,318991.0,18.0
NOR,202116,862,8,2,0,15,887,1246159.0,327783.0,21.0
NOR,202117,766,1,3,0,16,786,1409842.0,390199.0,29.0
NOR,202118,940,1,17,0,9,967,1516910.0,497202.0,44.0
NOR,202119,823,4,24,0,6,857,1606520.0,608359.0,68.0
NOR,202120,833,1,26,0,4,864,1636468.0,808666.0,97.0
NOR,202121,586,2,17,0,5,610,1667725.0,1034691.0,132.0
NOR,202122,619,0,21,0,4,644,1834671.0,1216820.0,160.0
NOR,202123,437,1,62,0,4,504,1986841.0,1378517.0,187.0
NOR,202124,324,1,95,0,4,424,2201971.0,1480042.0,226.0
NOR,202125,340,0,82,0,5,427,2485787.0,1562027.0,260.0
NOR,202126,223,1,178,0,1,403,2840354.0,1586741.0,294.0
NOR,202127,150,0,307,0,5,462,3093443.0,1613160.0,679.0
NOR,202128,83,2,327,0,12,424,3242195.0,1694119.0,724.0
NOR,202129,43,0,387,0,2,432,3428770.0,1756687.0,759.0
NOR,202130,44,0,532,0,1,577,3616701.0,1833914.0,792.0
NOR,202131,28,0,685,0,1,714,3730276.0,1976224.0,838.0
NOR,202132,11,0,825,0,0,836,3786676.0,2241485.0,894.0
NOR,202133,1,0,883,0,0,884,3819848.0,2587412.0,1108.0
NOR,202134,0,0,843,0,2,845,3864437.0,3020526.0,1410.0
NOR,202135,0,0,1065,0,0,1065,3925611.0,3311228.0,1649.0
NOR,202136,1,0,1207,0,0,1208,3987629.0,3479699.0,1940.0
NOR,202137,0,0,1045,0,0,1045,4081137.0,3568830.0,5515.0
NOR,202138,0,0,793,0,0,793,4149540.0,3628449.0,12647.0
NOR,202139,0,0,892,0,0,892,4182096.0,3676324.0,21134.0
NOR,202140,1,0,769,0,0,770,4194618.0,3703174.0,36602.0
NOR,202141,0,0,688,0,0,688,4201350.0,3719188.0,61594.0
NOR,202142,0,0,842,0,0,842,4207938.0,3735346.0,77985.0
NOR,202143,0,0,1155,0,0,1155,4213486.0,3752504.0,96825.0
NOR,202144,0,0,996,0,0,996,4220404.0,3767260.0,150159.0
NOR,202145,0,0,845,0,0,845,4227676.0,3783671.0,246069.0
NOR,202146,0,0,1029,0,0,1029,4235452.0,3803023.0,368218.0
NOR,202147,0,0,878,5,0,883,4243943.0,3830663.0,550562.0
NOR,202148,0,0,984,122,0,1106,4252460.0,3862280.0,752592.0
NOR,202149,0,0,774,463,0,1237,4261866.0,3883130.0,995692.0
NOR,202150,0,0,571,516,0,1087,4275442.0,3905919.0,1285668.0
NOR,202151,0,0,147,114,0,261,4282929.0,3917015.0,1455129.0
NOR,202152,0,0,68,216,0,284,4286023.0,3922647.0,1559749.0
NOR,202201,0,0,38,229,1,268,4293757.0,3941018.0,1896993.0
NOR,202202,0,0,10,116,0,126,4301526.0,3960043.0,2250614.0
NOR,202203,0,0,0,1,0,1,4306443.0,3972484.0,2472501.0
NPL,202115,1,0,3,0,0,4,1910209.0,,
NPL,202116,0,0,3,0,0,3,,,
NPL,202117,0,0,6,0,5,11,,,
NPL,202118,0,0,13,0,1,14,,,
NPL,202119,0,0,18,0,1,19,,,
NPL,202120,0,0,1,0,0,1,2113080.0,531568.0,
NPL,202121,0,0,13,0,0,13,2113080.0,686939.0,
NPL,202122,1,0,38,0,1,40,,,
NPL,202123,0,0,2,0,0,2,2383098.0,691494.0,
NPL,202124,0,0,8,0,1,9,2500196.0,731653.0,
NPL,202125,0,0,4,0,0,4,2582375.0,749585.0,
NPL,202126,0,0,7,0,0,7,2604866.0,757962.0,
NPL,202127,0,0,20,0,0,20,,,
NPL,202128,0,0,6,0,0,6,2912850.0,1126870.0,
NPL,202129,0,0,8,0,0,8,3377228.0,1366046.0,
NPL,202130,0,0,24,0,1,25,3936724.0,1745903.0,
NPL,202131,0,0,10,0,0,10,4442622.0,2359793.0,
NPL,202132,0,0,25,0,0,25,4674318.0,3303578.0,
NPL,202133,0,0,45,0,1,46,4935056.0,3835608.0,
NPL,202134,0,0,40,0,0,40,,,
NPL,202135,0,0,29,0,1,30,5511929.0,4863835.0,
NPL,202136,0,0,23,0,0,23,5769328.0,5160524.0,
NPL,202137,0,0,62,0,2,64,6198936.0,5561885.0,
NPL,202138,0,0,154,0,5,159,6528392.0,6014941.0,
NPL,202139,0,0,45,0,4,49,7694609.0,6348279.0,
NPL,202140,0,0,19,0,2,21,8127262.0,6446957.0,
NPL,202141,0,0,21,0,0,21,,,
NPL,202142,0,0,37,0,1,38,,,
NPL,202143,0,0,3,0,0,3,,,
NPL,202144,0,0,3,0,0,3,,,
NPL,202145,0,0,3,0,0,3,,,
NPL,202146,0,0,6,0,0,6,,,
NPL,202147,0,0,25,3,1,29,,,
NPL,202148,0,0,25,0,0,25,,,
NPL,202149,0,0,46,0,0,46,,,
NPL,202150,0,0,11,0,0,11,,,
NPL,202151,0,0,0,4,0,4,,,
NPL,202152,0,0,7,21,0,28,,,
NPL,202202,0,0,1,12,0,13,,,
NPL,202203,0,0,0,7,0,7,15837671.0,12127829.0,
NZL,202107,5,0,0,0,2,7,98.0,,
NZL,202108,11,0,0,0,4,15,5829.0,1.0,
NZL,202109,11,1,0,0,4,16,15105.0,4.0,
NZL,202110,8,0,0,0,7,15,22557.0,16.0,
NZL,202111,7,1,1,0,5,14,32161.0,2858.0,
NZL,202112,8,2,0,0,0,10,44057.0,11118.0,1.0
NZL,202113,11,0,2,0,2,15,66510.0,17469.0,1.0
NZL,202114,13,1,5,0,4,23,91994.0,25936.0,1.0
NZL,202115,5,0,1,0,0,6,131617.0,37528.0,2.0
NZL,202116,7,0,1,0,1,9,169005.0,55388.0,2.0
NZL,202117,8,1,0,0,1,10,205365.0,76025.0,2.0
NZL,202118,3,0,2,0,1,6,254529.0,108736.0,2.0
NZL,202119,0,0,0,0,2,2,304044.0,143096.0,3.0
NZL,202120,0,2,2,0,0,4,353489.0,178200.0,5.0
NZL,202121,1,0,2,0,1,4,410409.0,221973.0,8.0
NZL,202122,2,0,1,0,1,4,479648.0,266502.0,11.0
NZL,202123,1,0,8,0,1,10,540700.0,306204.0,12.0
NZL,202124,1,1,5,0,0,7,614662.0,360549.0,15.0
NZL,202125,0,2,4,0,0,6,682073.0,426532.0,16.0
NZL,202126,2,1,6,0,1,10,749733.0,481937.0,16.0
NZL,202127,0,0,4,0,0,4,815002.0,544947.0,18.0
NZL,202128,0,0,28,0,0,28,888726.0,606206.0,20.0
NZL,202129,0,0,22,0,0,22,1003835.0,675153.0,20.0
NZL,202130,0,0,12,0,0,12,1179757.0,745340.0,24.0
NZL,202131,0,0,16,0,0,16,1373933.0,818558.0,27.0
NZL,202132,0,0,13,0,0,13,1574242.0,913309.0,33.0
NZL,202133,0,0,131,0,0,131,1757995.0,1002209.0,38.0
NZL,202134,0,0,388,0,0,388,2148457.0,1153756.0,52.0
NZL,202135,0,0,243,0,0,243,2546848.0,1318091.0,67.0
NZL,202136,0,0,131,0,0,131,2847933.0,1454185.0,81.0
NZL,202137,0,0,105,0,0,105,3083056.0,1611302.0,108.0
NZL,202138,0,0,109,0,0,109,3234588.0,1794785.0,133.0
NZL,202139,0,0,156,0,0,156,3322869.0,2003614.0,158.0
NZL,202140,0,0,226,0,0,226,3439024.0,2357557.0,202.0
NZL,202141,0,0,338,0,0,338,3566103.0,2755236.0,254.0
NZL,202142,0,0,409,0,0,409,3637163.0,2972887.0,329.0
NZL,202143,0,0,209,0,0,209,3703090.0,3150342.0,813.0
NZL,202144,0,0,223,0,0,223,3750459.0,3296122.0,2455.0
NZL,202145,0,0,357,0,0,357,3791252.0,3409584.0,4769.0
NZL,202146,0,0,281,0,0,281,3836443.0,3507801.0,7518.0
NZL,202147,0,0,184,0,0,184,3876287.0,3588527.0,20431.0
NZL,202148,0,0,179,0,0,179,3923624.0,3685731.0,121099.0
NZL,202149,0,0,169,2,0,171,3948266.0,3749934.0,176397.0
NZL,202150,0,0,142,20,0,162,3963084.0,3799854.0,238355.0
NZL,202151,0,0,236,34,0,270,3971199.0,3835822.0,302271.0
NZL,202152,0,0,192,63,0,255,3974584.0,3855501.0,356831.0
NZL,202201,0,0,100,152,0,252,3980194.0,3873884.0,522530.0
NZL,202202,0,0,36,101,0,137,3988614.0,3895840.0,777902.0
NZL,202203,0,0,0,4,0,4,3995827.0,3910251.0,1011366.0
PAK,202105,0,0,0,0,4,4,,,
PAK,202106,1,0,0,0,10,11,,,
PAK,202107,0,0,0,0,22,22,,,
PAK,202108,0,0,1,0,4,5,,,
PAK,202109,3,0,0,0,2,5,,,
PAK,202110,17,0,0,0,0,17,,,
PAK,202111,15,1,0,0,0,16,,,
PAK,202112,6,0,0,0,0,6,,,
PAK,202113,1,0,0,0,0,1,,,
PAK,202114,79,1,0,0,1,81,,,
PAK,202115,51,2,1,0,3,57,,,
PAK,202116,16,1,0,0,3,20,,,
PAK,202117,28,3,0,0,4,35,,,
PAK,202118,7,0,0,0,0,7,,,
PAK,202119,4,7,0,0,5,16,,,
PAK,202120,7,7,10,0,2,26,,,
PAK,202121,36,12,6,0,9,63,,,
PAK,202122,83,23,26,0,11,143,6364470.0,2310115.0,
PAK,202123,24,5,16,0,11,56,8133654.0,2851063.0,
PAK,202124,8,5,0,0,6,19,,,
PAK,202125,22,3,6,0,8,39,,,
PAK,202126,17,2,16,0,2,37,13507802.0,,
PAK,202127,0,3,15,0,0,18,15320363.0,,
PAK,202128,1,0,33,0,2,36,18185297.0,,
PAK,202129,6,2,27,0,2,37,,,
PAK,202130,0,0,34,0,3,37,23335634.0,,
PAK,202131,1,0,71,0,1,73,29789315.0,,
PAK,202132,0,0,57,0,1,58,,,
PAK,202133,0,0,55,0,1,56,37043561.0,13434605.0,
PAK,202134,2,0,138,0,3,143,,,
PAK,202135,0,0,30,0,0,30,,,
PAK,202136,0,0,39,0,0,39,,,
PAK,202137,0,0,36,0,0,36,,,
PAK,202138,0,0,22,0,0,22,,,
PAK,202139,0,0,9,0,1,10,,,
PAK,202140,0,0,20,0,1,21,,,
PAK,202141,0,0,27,0,0,27,,,
PAK,202142,0,0,20,0,3,23,68666464.0,38596890.0,
PAK,202143,0,0,27,0,0,27,,,
PAK,202144,0,0,32,0,1,33,,,
PAK,202145,0,0,9,0,1,10,,,
PAK,202146,0,0,7,0,0,7,,,
PAK,202147,0,0,4,0,2,6,,,
PAK,202148,0,0,6,1,11,18,,,
PAK,202149,0,0,8,3,4,15,,,
PAK,202150,0,0,6,2,4,12,,,
PAK,202151,0,0,5,12,1,18,,,
PAK,202152,0,0,1,18,1,20,,,
PAK,202201,0,0,0,15,0,15,,,
PAK,202202,0,0,0,4,0,4,,,
PER,202106,0,0,0,0,75,75,105694.0,25.0,1.0
PER,202107,0,0,0,0,60,60,197933.0,27.0,1.0
PER,202108,0,0,0,0,62,62,321285.0,45.0,1.0
PER,202109,1,0,0,0,115,116,356457.0,92814.0,1.0
PER,202110,2,0,0,0,151,153,430562.0,173644.0,2.0
PER,202111,0,0,0,0,114,114,564507.0,294376.0,2.0
PER,202112,2,0,0,0,72,74,645073.0,333497.0,2.0
PER,202113,5,0,0,0,119,124,670602.0,399000.0,2.0
PER,202114,8,0,0,0,313,321,740452.0,502299.0,3.0
PER,202115,1,0,0,0,220,221,797136.0,614418.0,5.0
PER,202116,0,0,0,0,129,129,915410.0,644561.0,5.0
PER,202117,0,0,0,0,185,185,1194665.0,705972.0,8.0
PER,202118,0,0,0,0,163,163,1479049.0,757779.0,10.0
PER,202119,2,0,3,0,177,182,1874598.0,867547.0,11.0
PER,202120,0,0,0,0,195,195,2328159.0,1042973.0,11.0
PER,202121,0,0,0,0,92,92,2894187.0,1285302.0,14.0
PER,202122,0,0,0,0,406,406,3213539.0,1496696.0,16.0
PER,202123,0,0,3,0,394,397,3730931.0,2060407.0,22.0
PER,202124,0,0,2,0,297,299,3984157.0,2684092.0,30.0
PER,202125,0,0,8,0,180,188,4329572.0,3052533.0,34.0
PER,202126,0,0,2,0,169,171,4876161.0,3505134.0,46.0
PER,202127,0,0,7,0,294,301,5917846.0,3766051.0,54.0
PER,202128,0,0,25,0,297,322,6882661.0,4090516.0,63.0
PER,202129,0,0,26,0,243,269,7765167.0,4579368.0,72.0
PER,202130,0,0,22,0,137,159,8192356.0,5416655.0,91.0
PER,202131,0,0,73,0,264,337,8869927.0,6353001.0,100.0
PER,202132,0,0,73,0,313,386,9360328.0,7045179.0,110.0
PER,202133,0,0,68,0,203,271,9798079.0,7644959.0,126.0
PER,202134,0,0,138,0,201,339,10432703.0,8234741.0,146.0
PER,202135,0,0,110,0,150,260,11326459.0,8795272.0,164.0
PER,202136,0,0,186,0,179,365,13268983.0,9195871.0,192.0
PER,202137,0,0,268,0,169,437,15114837.0,9740124.0,224.0
PER,202138,0,0,294,0,147,441,15965898.0,10475867.0,260.0
PER,202139,0,0,305,0,107,412,16760099.0,11937818.0,369.0
PER,202140,0,0,352,0,71,423,17356587.0,13520912.0,480.0
PER,202141,0,0,377,0,29,406,18104462.0,14431480.0,46253.0
PER,202142,0,0,370,0,29,399,18700064.0,15164356.0,174896.0
PER,202143,0,0,299,0,22,321,19191378.0,15731048.0,236827.0
PER,202144,0,0,382,0,22,404,20351256.0,16132799.0,294295.0
PER,202145,0,0,434,0,22,456,21198829.0,16745236.0,379860.0
PER,202146,0,0,403,0,13,416,21930278.0,17353923.0,454520.0
PER,202147,0,0,364,0,9,373,22505673.0,18344475.0,711750.0
PER,202148,0,0,269,0,16,285,22947048.0,19182666.0,1423302.0
PER,202149,0,0,519,1,5,525,23482991.0,19970156.0,1927332.0
PER,202150,0,0,345,60,2,407,24124602.0,20826312.0,2321925.0
PER,202151,0,0,38,127,2,167,24358814.0,21229868.0,3157218.0
PER,202152,0,0,12,5,0,17,24516737.0,21575177.0,4038935.0
PER,202201,0,0,49,18,0,67,24683803.0,22030882.0,5277686.0
PHL,202109,53,59,0,0,63,175,25138.0,,
PHL,202110,128,171,0,0,81,380,193492.0,,
PHL,202111,146,170,0,0,57,373,336656.0,,
PHL,202112,181,258,0,0,52,491,656331.0,,
PHL,202113,187,254,0,0,47,488,795320.0,,
PHL,202114,96,173,2,0,27,298,,,
PHL,202115,55,65,4,0,31,155,1264811.0,191982.0,
PHL,202116,68,66,2,0,28,164,1522696.0,230769.0,
PHL,202117,94,117,2,0,12,225,1656643.0,284553.0,
PHL,202118,95,94,10,0,7,206,1951698.0,443796.0,
PHL,202119,57,74,1,0,10,142,2245397.0,675799.0,
PHL,202120,64,56,0,0,2,122,3147486.0,949939.0,
PHL,202121,85,111,2,0,11,209,,,
PHL,202122,151,147,1,0,23,322,4386467.0,1520788.0,
PHL,202123,108,127,0,0,13,248,5014582.0,1855472.0,
PHL,202124,95,151,6,0,14,266,6102625.0,2120134.0,
PHL,202125,239,236,26,0,35,536,,,
PHL,202126,104,178,76,0,24,382,,,
PHL,202127,115,160,170,0,47,492,9576619.0,3365745.0,
PHL,202128,173,167,225,0,50,615,,,
PHL,202129,80,94,289,0,30,493,,,
PHL,202130,110,82,506,0,43,741,,,
PHL,202131,34,42,548,0,28,652,,,
PHL,202132,31,21,502,0,10,564,,,
PHL,202133,13,21,543,0,4,581,,,
PHL,202134,2,1,226,0,0,229,,,
PHL,202135,0,0,79,0,1,80,,,
PHL,202148,0,0,0,2,0,2,,,
PHL,202149,0,0,0,2,0,2,,,
PHL,202150,0,0,0,8,0,8,,,
PHL,202151,0,0,0,12,0,12,,,
PHL,202152,0,0,0,19,0,19,,,
POL,202053,0,0,1,0,2,3,50391.0,,
POL,202101,1,0,6,0,59,66,200022.0,,
POL,202102,17,0,0,0,114,131,457303.0,,
POL,202103,6,0,0,0,118,124,654184.0,46980.0,
POL,202104,27,0,0,0,178,205,958453.0,198478.0,
POL,202105,40,0,0,0,132,172,1200793.0,440365.0,
POL,202106,115,3,0,0,135,253,1466439.0,640650.0,
POL,202107,272,1,0,0,191,464,1772133.0,925682.0,
POL,202108,496,3,0,0,218,717,,,
POL,202109,619,2,0,0,140,761,2526389.0,1424715.0,
POL,202110,1071,2,0,0,132,1205,2914792.0,1602745.0,
POL,202111,785,2,0,0,55,842,3233998.0,1780169.0,
POL,202112,855,3,0,0,33,891,,,
POL,202113,1014,3,0,0,16,1033,,,
POL,202114,1014,1,0,0,18,1033,5529714.0,2105550.0,
POL,202115,1544,3,0,0,21,1568,,,
POL,202116,1491,3,1,0,34,1529,,,
POL,202117,1203,6,15,0,7,1231,8917338.0,2959722.0,
POL,202118,1275,2,26,0,38,1341,10185393.0,3650119.0,
POL,202119,1187,6,16,0,14,1223,11490114.0,4535597.0,
POL,202120,947,1,22,0,36,1006,12710402.0,5553678.0,
POL,202121,650,0,15,0,10,675,13580235.0,6786561.0,
POL,202122,319,2,6,0,18,345,14551620.0,8169746.0,
POL,202123,218,1,20,0,44,283,15457211.0,9675538.0,
POL,202124,89,0,14,0,8,111,16127860.0,11136832.0,
POL,202125,23,0,15,0,4,42,16649656.0,12612947.0,
POL,202126,54,0,56,0,9,119,17094868.0,13854142.0,
POL,202127,8,2,48,0,8,66,,,
POL,202128,9,0,85,0,7,101,17742406.0,16211976.0,
POL,202129,7,0,126,0,6,139,,,
POL,202130,7,0,161,0,10,178,18332060.0,17470071.0,
POL,202131,2,0,174,0,3,179,18605722.0,17863405.0,
POL,202132,1,0,154,0,2,157,18825714.0,18156083.0,
POL,202133,1,0,586,0,2,589,19031403.0,18443277.0,
POL,202134,2,0,383,0,1,386,19219260.0,18704011.0,
POL,202135,0,0,527,0,1,528,19382663.0,18927433.0,
POL,202136,0,0,633,0,0,633,19523117.0,19096932.0,
POL,202137,0,0,805,0,4,809,,,
POL,202138,0,0,840,0,3,843,19756349.0,19374121.0,
POL,202139,1,0,867,0,1,869,19853542.0,19500218.0,
POL,202140,0,0,1186,0,0,1186,,,
POL,202141,0,0,1108,0,0,1108,20026009.0,19725793.0,
POL,202142,0,0,1383,0,2,1385,20113535.0,19830320.0,
POL,202143,0,0,1364,0,2,1366,,,
POL,202144,0,0,2182,0,0,2182,20352407.0,20056333.0,1286458.0
POL,202145,0,0,1971,0,1,1972,,,
POL,202146,0,0,1043,0,0,1043,20619823.0,20264284.0,2017196.0
POL,202147,0,0,1220,0,0,1220,20807234.0,20398724.0,2728354.0
POL,202148,0,0,1503,0,0,1503,20968528.0,20521241.0,3637272.0
POL,202149,0,0,1980,5,0,1985,21171467.0,20685210.0,4858716.0
POL,202150,0,0,1709,20,1,1730,21378003.0,20835654.0,5852573.0
POL,202151,0,0,1589,100,11,1700,,20922571.0,6288858.0
POL,202152,0,0,1822,402,28,2252,21674039.0,21046692.0,6866619.0
POL,202201,0,0,1352,1052,39,2443,21842425.0,21228309.0,7721118.0
POL,202202,0,0,356,213,0,569,,,
POL,202203,0,0,105,178,0,283,22174493.0,21570109.0,9531842.0
PRT,202053,32,1,0,0,49,82,32750.0,,
PRT,202101,41,2,0,0,179,222,74352.0,,
PRT,202102,79,0,0,0,568,647,129941.0,138.0,
PRT,202103,36,0,0,0,68,104,233931.0,29625.0,
PRT,202104,49,0,0,0,87,136,277215.0,65050.0,
PRT,202105,31,0,0,0,23,54,320684.0,115522.0,
PRT,202106,446,2,0,0,376,824,353390.0,198253.0,
PRT,202107,61,5,0,0,33,99,447743.0,263354.0,
PRT,202108,13,3,0,0,7,23,611138.0,285185.0,
PRT,202109,549,24,0,0,98,671,767568.0,313101.0,
PRT,202110,340,14,0,0,77,431,860336.0,365719.0,
PRT,202111,36,1,0,0,19,56,948484.0,469651.0,
PRT,202112,8,4,0,0,7,19,1130801.0,508507.0,
PRT,202113,39,2,0,0,2,43,1346931.0,585830.0,
PRT,202114,1025,13,0,0,80,1118,1590789.0,643712.0,
PRT,202115,406,10,0,0,39,455,1853321.0,696172.0,
PRT,202116,53,4,2,0,15,74,2196002.0,828138.0,
PRT,202117,19,3,2,0,9,33,2524456.0,920598.0,
PRT,202118,645,13,25,0,46,729,2864727.0,1120117.0,
PRT,202119,255,9,39,0,41,344,3233849.0,1287442.0,
PRT,202120,17,0,36,0,2,55,3560271.0,1604322.0,
PRT,202121,7,1,41,0,6,55,3849328.0,1910212.0,
PRT,202122,220,1,196,0,23,440,4131045.0,2247037.0,
PRT,202123,289,1,430,0,31,751,4486173.0,2592524.0,
PRT,202124,98,0,304,0,12,414,4882482.0,2915777.0,
PRT,202125,71,4,617,0,9,701,5231065.0,3301188.0,
PRT,202126,55,0,517,0,6,578,,,
PRT,202127,20,0,467,0,3,490,,,
PRT,202128,11,0,784,0,2,797,6545731.0,4908819.0,1.0
PRT,202129,4,1,500,0,4,509,6856278.0,5429733.0,1.0
PRT,202130,4,0,482,0,1,487,7066297.0,5994565.0,1.0
PRT,202131,1,0,441,0,1,443,7307377.0,6533089.0,1.0
PRT,202132,1,0,526,0,3,530,7675238.0,6963794.0,1.0
PRT,202133,0,0,494,0,0,494,8132189.0,7293100.0,1.0
PRT,202134,0,0,519,0,0,519,8535112.0,7544554.0,1.0
PRT,202135,0,0,592,0,1,593,,,
PRT,202136,0,0,538,0,3,541,8844781.0,8130139.0,
PRT,202137,0,0,583,0,0,583,,,
PRT,202138,0,0,533,0,5,538,,,
PRT,202139,0,0,485,0,0,485,,,
PRT,202140,0,0,513,0,0,513,,,
PRT,202141,0,0,423,0,0,423,,,
PRT,202142,0,0,491,0,0,491,,,
PRT,202143,0,0,557,0,1,558,,,
PRT,202144,0,0,463,0,1,464,,,
PRT,202145,0,0,506,0,0,506,,,
PRT,202146,0,0,579,1,0,580,,,
PRT,202147,0,0,627,18,0,645,,,
PRT,202148,0,0,503,21,0,524,,9001340.0,1476990.0
PRT,202149,0,0,403,29,0,432,,9026273.0,1942840.0
PRT,202150,0,0,432,59,0,491,,9051248.0,2371452.0
PRT,202151,0,0,233,186,0,419,,9080467.0,2618727.0
PRT,202152,0,0,101,317,0,418,,9103550.0,2920878.0
PRT,202201,0,0,65,428,0,493,,9131139.0,3330886.0
ROU,202053,0,0,0,0,57,57,13242.0,,
ROU,202101,6,0,0,0,77,83,102301.0,,
ROU,202102,10,0,0,0,38,48,196090.0,,
ROU,202103,12,0,0,0,37,49,406007.0,12878.0,
ROU,202104,26,0,0,0,27,53,571092.0,101304.0,
ROU,202105,68,0,0,0,49,117,647691.0,193121.0,
ROU,202106,45,0,0,0,26,71,683347.0,400749.0,
ROU,202107,87,0,0,0,9,96,788508.0,562771.0,
ROU,202108,104,0,0,0,38,142,905142.0,616594.0,
ROU,202109,78,0,0,0,30,108,1136895.0,644707.0,
ROU,202110,159,0,0,0,45,204,1413636.0,704229.0,
ROU,202111,81,0,0,0,5,86,1704448.0,772647.0,
ROU,202112,108,1,0,0,9,118,1914885.0,943557.0,
ROU,202113,158,1,13,0,9,181,2090464.0,1168837.0,
ROU,202114,124,0,0,0,4,128,2258352.0,1383993.0,
ROU,202115,58,0,0,0,9,67,2578713.0,1581079.0,
ROU,202116,97,1,0,0,3,101,2983609.0,1771490.0,
ROU,202117,26,0,3,0,3,32,3336830.0,1963639.0,
ROU,202118,96,2,9,0,5,112,3580368.0,2314812.0,
ROU,202119,59,2,1,0,1,63,3886249.0,2777707.0,
ROU,202120,58,0,4,0,3,65,4113110.0,3224111.0,
ROU,202121,75,1,5,0,3,84,4279871.0,3568297.0,
ROU,202122,42,0,14,0,5,61,4425234.0,3911801.0,
ROU,202123,45,0,11,0,1,57,4545635.0,4168567.0,
ROU,202124,42,0,7,0,2,51,4627395.0,4338583.0,
ROU,202125,8,0,16,0,0,24,,,
ROU,202126,13,0,15,0,2,30,4733462.0,4579704.0,
ROU,202127,8,0,20,0,0,28,4812655.0,4653694.0,
ROU,202128,5,0,22,0,0,27,,,
ROU,202129,12,0,55,0,2,69,4930100.0,4794895.0,
ROU,202130,5,0,107,0,0,112,4993968.0,4864843.0,
ROU,202131,2,0,133,0,2,137,5058145.0,4931469.0,
ROU,202132,2,0,152,0,0,154,5117210.0,4988049.0,
ROU,202133,1,0,140,0,0,141,5171866.0,5052020.0,
ROU,202134,2,0,231,0,0,233,5226706.0,5113739.0,
ROU,202135,0,0,341,0,1,342,5274612.0,5163785.0,
ROU,202136,1,0,517,0,0,518,5315126.0,5204898.0,
ROU,202137,0,0,509,0,0,509,5365230.0,5252394.0,
ROU,202138,1,0,468,0,0,469,5453464.0,5321291.0,
ROU,202139,0,0,537,0,0,537,,5413050.0,
ROU,202140,0,0,610,0,0,610,,5521333.0,
ROU,202141,0,0,301,0,0,301,,5654687.0,
ROU,202142,0,0,369,0,0,369,,5876290.0,
ROU,202143,0,0,274,0,0,274,,6269486.0,
ROU,202144,0,0,161,0,0,161,,6514882.0,
ROU,202145,0,0,98,0,1,99,,6792733.0,
ROU,202146,0,0,140,0,0,140,,7156384.0,
ROU,202147,0,0,94,0,0,94,,7373064.0,
ROU,202148,0,0,68,4,0,72,,7507203.0,
ROU,202149,0,0,73,7,0,80,,7628548.0,
ROU,202150,0,0,115,13,0,128,,7718704.0,
ROU,202151,0,0,102,13,0,115,,7775049.0,
ROU,202152,0,0,30,110,0,140,,7817575.0,
ROU,202201,0,0,25,139,0,164,,7876009.0,
ROU,202202,0,0,9,101,1,111,,7914731.0,
RUS,202051,0,0,0,0,149,149,,,
RUS,202052,1,0,0,0,145,146,,,
RUS,202053,0,0,0,0,83,83,800000.0,,
RUS,202101,0,0,0,0,64,64,,,
RUS,202102,0,0,0,0,45,45,,,
RUS,202103,3,1,0,0,43,47,,,
RUS,202104,1,0,0,0,15,16,,,
RUS,202105,3,0,0,0,35,38,,,
RUS,202106,5,1,0,0,98,104,,,
RUS,202107,8,4,0,0,236,248,,,
RUS,202108,12,0,0,0,132,144,,,
RUS,202109,20,2,2,0,96,120,5082127.0,1501746.0,
RUS,202110,20,3,0,0,151,174,,,
RUS,202111,17,1,0,0,82,100,5595893.0,2710605.0,
RUS,202112,36,2,1,0,61,100,,,
RUS,202113,36,1,0,0,91,128,7445035.0,4593824.0,
RUS,202114,36,1,2,0,121,160,8575951.0,5401446.0,
RUS,202115,26,3,2,0,138,169,9918665.0,5782138.0,
RUS,202116,37,2,8,0,136,183,11312625.0,6767873.0,
RUS,202117,22,3,16,0,98,139,12377978.0,7556421.0,
RUS,202118,22,2,18,0,71,113,13056228.0,8540846.0,
RUS,202119,28,3,61,0,80,172,14265642.0,9592559.0,
RUS,202120,28,0,141,0,65,234,15325919.0,11093801.0,
RUS,202121,22,0,200,0,59,281,16470154.0,11894928.0,
RUS,202122,5,0,166,0,28,199,17490525.0,13116019.0,
RUS,202123,9,3,627,0,53,692,18462055.0,14272158.0,
RUS,202124,5,0,288,0,15,308,19558487.0,15210415.0,
RUS,202125,3,0,237,0,13,253,21461833.0,16636380.0,
RUS,202126,0,0,162,0,4,166,24647625.0,17802442.0,
RUS,202127,1,0,488,0,10,499,28443712.0,18891256.0,
RUS,202128,0,0,125,0,5,130,31874482.0,20596805.0,
RUS,202129,0,0,68,0,5,73,34561624.0,22751923.0,
RUS,202130,1,0,107,0,9,117,36621627.0,25280451.0,
RUS,202131,0,0,150,0,10,160,38390923.0,27495250.0,
RUS,202132,0,0,103,0,10,113,40644013.0,32251637.0,
RUS,202133,0,0,106,0,6,112,42167285.0,34290783.0,
RUS,202134,0,0,118,0,1,119,43438051.0,36055311.0,
RUS,202135,0,0,143,0,1,144,44418648.0,38132101.0,
RUS,202136,0,0,198,0,5,203,45527817.0,39589536.0,
RUS,202137,0,0,187,0,6,193,,,
RUS,202138,0,0,146,0,0,146,47547409.0,41657347.0,661446.0
RUS,202139,0,0,226,0,4,230,48535310.0,42480477.0,765175.0
RUS,202140,0,0,195,0,2,197,49353510.0,44935954.0,960031.0
RUS,202141,0,0,513,0,13,526,,,
RUS,202142,0,0,335,0,4,339,52861352.0,,1547684.0
RUS,202143,0,0,519,0,9,528,55218327.0,47459477.0,1715807.0
RUS,202144,0,0,297,0,4,301,,,
RUS,202145,0,0,317,0,2,319,60561971.0,50991092.0,2410399.0
RUS,202146,0,0,286,0,1,287,63496542.0,53578117.0,
RUS,202147,0,0,54,0,0,54,66011769.0,55964877.0,4172664.0
RUS,202148,0,0,76,3,2,81,67991712.0,58480065.0,4821751.0
RUS,202149,0,0,71,1,0,72,69738785.0,60962126.0,5557942.0
RUS,202150,0,0,98,45,0,143,71530632.0,63253115.0,5961958.0
RUS,202151,0,0,36,85,1,122,72814442.0,65432375.0,6889368.0
RUS,202152,0,0,19,28,0,47,,67008180.0,7387352.0
RUS,202201,0,0,16,0,0,16,74153671.0,67159901.0,7491819.0
SAU,202101,0,0,0,0,3,3,,,
SAU,202102,0,0,0,0,2,2,,,
SAU,202103,0,0,0,0,1,1,,,
SAU,202105,0,0,0,0,13,13,,,
SAU,202106,0,0,0,0,72,72,,,
SAU,202107,0,0,0,0,14,14,,,
SAU,202108,0,0,0,0,13,13,,,
SAU,202114,2,0,0,0,0,2,,,
SAU,202115,1,1,0,0,6,8,,,
SAU,202116,2,1,0,0,4,7,,,
SAU,202117,2,0,0,0,4,6,,,
SAU,202118,2,0,0,0,1,3,,,
SAU,202119,0,0,1,0,1,2,,,
SAU,202120,5,6,1,0,3,15,,,
SAU,202121,1,4,0,0,5,10,,,
SAU,202123,0,2,0,0,1,3,,,
SAU,202124,0,0,0,0,1,1,,,
SAU,202126,0,0,2,0,0,2,16604577.0,1715851.0,
SAU,202127,0,0,3,0,0,3,17384949.0,2202016.0,
SAU,202128,0,1,0,0,0,1,18438591.0,3824488.0,
SAU,202129,0,0,1,0,0,1,18443264.0,5870970.0,
SAU,202131,0,0,1,0,0,1,19852575.0,9749158.0,
SAU,202136,0,0,2,0,1,3,22726957.0,16624836.0,
SAU,202138,0,0,1,0,0,1,23228976.0,18261707.0,
SAU,202148,0,0,1,0,0,1,24665104.0,22581545.0,380742.0
SAU,202149,0,0,2,0,0,2,24766927.0,22771497.0,484746.0
TUR,202102,29,0,0,0,20,49,,,
TUR,202103,94,3,0,0,86,183,,,
TUR,202104,171,21,0,0,137,329,,,
TUR,202105,0,1,0,0,5,6,,,
TUR,202106,117,41,0,0,640,798,3253005.0,456891.0,
TUR,202107,0,16,0,0,290,306,5503094.0,1030416.0,
TUR,202108,7,38,0,0,758,803,6854642.0,1660133.0,
TUR,202109,0,45,0,0,289,334,7509923.0,2373684.0,
TUR,202110,19,59,333,0,507,918,7887544.0,3035740.0,
TUR,202111,0,33,0,0,27,60,8016078.0,5013676.0,
TUR,202112,5,57,0,0,60,122,8217124.0,6435535.0,
TUR,202113,12,92,0,0,1148,1252,9478896.0,7124023.0,
TUR,202114,5,7,0,0,6,18,10865731.0,7579623.0,
TUR,202115,4,0,0,0,0,4,12151728.0,7785631.0,
TUR,202116,2,0,0,0,0,2,13114373.0,7954030.0,
TUR,202117,0,0,0,0,142,142,13752107.0,9146939.0,
TUR,202118,1,3,1,0,287,292,14545524.0,10307829.0,
TUR,202121,10,2,6,0,272,290,16498868.0,12303813.0,
TUR,202122,30,8,4,0,108,150,17515705.0,13060357.0,
TUR,202123,41,2,43,0,34,120,19761182.0,13666980.0,
TUR,202124,14,26,231,0,347,618,26824612.0,14370178.0,
TUR,202125,0,6,274,0,245,525,32233753.0,14845875.0,
TUR,202126,3,1,881,0,72,957,35828964.0,15625651.0,1025309.0
TUR,202127,1,0,3023,0,94,3118,37644385.0,17070834.0,2868205.0
TUR,202128,4,0,24,0,852,880,38900715.0,20552887.0,3616775.0
TUR,202129,0,0,370,0,10,380,39413330.0,22597613.0,3772354.0
TUR,202130,1,33,1585,0,361,1980,41012715.0,27355633.0,4904319.0
TUR,202131,14,9,3893,0,4580,8496,41632116.0,28572955.0,5469207.0
TUR,202132,1309,0,5960,0,1080,8349,43784866.0,32546912.0,6533719.0
TUR,202133,0,0,23210,0,4843,28053,45796679.0,34963740.0,7682931.0
TUR,202134,1,0,252,0,0,253,47675684.0,36521647.0,8513043.0
TUR,202135,0,0,1066,0,0,1066,49376328.0,38141442.0,9243438.0
TUR,202136,0,0,2290,0,0,2290,51411717.0,40158373.0,9884664.0
TUR,202137,0,0,424,0,0,424,52601310.0,41902917.0,10389867.0
TUR,202138,0,0,767,0,0,767,53390829.0,43439793.0,10811301.0
TUR,202139,0,0,2241,0,0,2241,53997429.0,44910311.0,11252198.0
TUR,202140,0,0,857,0,0,857,54467941.0,46156214.0,11601197.0
TUR,202141,1,0,858,0,0,859,54833779.0,47226488.0,11801969.0
TUR,202142,0,0,275,0,0,275,55144241.0,48043489.0,11976867.0
TUR,202143,0,0,86,0,0,86,55375923.0,48614256.0,12220034.0
TUR,202144,0,0,1346,0,0,1346,55610309.0,49155101.0,12546310.0
TUR,202145,0,0,1080,0,0,1080,55810636.0,49594716.0,12897325.0
TUR,202146,0,0,1251,0,2,1253,56026218.0,50012340.0,13233726.0
TUR,202147,0,0,847,0,283,1130,56188582.0,50329638.0,13540205.0
TUR,202148,0,0,1641,1,252,1894,56360977.0,50632985.0,13863578.0
TUR,202149,0,0,886,2,0,888,56507792.0,50896427.0,14196321.0
TUR,202150,0,0,779,39,94,912,56649405.0,51142896.0,15833048.0
TUR,202151,0,0,1025,158,5,1188,56789326.0,51387150.0,20172780.0
TUR,202152,0,0,1077,548,39,1664,56925363.0,51621727.0,23383385.0
TUR,202201,0,0,1,612,3,616,57086572.0,51872868.0,27038493.0
TUR,202202,0,0,91,516,6,613,57245214.0,52112351.0,29714256.0
USA,202051,9,0,2,0,10733,10744,1076635.0,8527.0,
USA,202052,28,0,1,0,8219,8248,2901194.0,18524.0,
USA,202053,120,2,10,0,12165,12297,5842684.0,47259.0,
USA,202101,198,4,10,0,18735,18947,10208184.0,1124929.0,
USA,202102,247,6,25,0,19037,19315,15892796.0,2426235.0,
USA,202103,385,4,3,0,18430,18822,22372277.0,4094581.0,
USA,202104,621,19,2,0,16455,17097,29362785.0,7164803.0,
USA,202105,957,21,3,0,17032,18013,36310411.0,11652424.0,
USA,202106,1598,37,4,0,19897,21536,43242419.0,17218073.0,
USA,202107,1819,44,1,0,15634,17498,48226658.0,22471297.0,
USA,202108,3329,77,2,0,16163,19571,55668181.0,29298870.0,
USA,202109,4681,90,2,0,16971,21744,65994422.0,35818739.0,
USA,202110,7195,137,3,0,17030,24365,77870415.0,43267592.0,
USA,202111,10897,181,5,0,17156,28239,90050663.0,49996020.0,
USA,202112,14704,228,5,0,16931,31868,102332200.0,58300236.0,
USA,202113,20189,304,35,0,17040,37568,114982317.0,68870641.0,
USA,202114,23750,312,57,0,15998,40117,128785203.0,81750126.0,
USA,202115,24873,356,161,0,15409,40799,139326946.0,92895480.0,
USA,202116,21931,265,323,0,12178,34697,147514692.0,103901164.0,
USA,202117,22774,288,492,0,11330,34884,154155754.0,114511339.0,
USA,202118,19924,255,628,0,9563,30370,158848876.0,124696289.0,
USA,202119,15009,144,623,0,7387,23163,163769505.0,132959243.0,
USA,202120,11371,144,834,0,5933,18282,169695851.0,139885191.0,
USA,202121,7343,68,1061,0,3961,12433,173596496.0,144611776.0,
USA,202122,4993,28,1646,0,3106,9773,176231913.0,148894287.0,
USA,202123,4767,24,2859,0,2945,10595,178696358.0,153884442.0,
USA,202124,3852,11,4240,0,2582,10685,180825156.0,157604046.0,
USA,202125,2792,6,6840,0,2250,11888,182800245.0,160113569.0,
USA,202126,2162,11,10669,0,2094,14936,184599037.0,162116610.0,
USA,202127,1665,4,18111,0,2136,21916,186216085.0,163841236.0,
USA,202128,1320,8,28941,0,2270,32539,188048947.0,165489211.0,
USA,202129,960,9,45955,0,1942,48866,190496174.0,167059280.0,
USA,202130,719,3,63033,0,1858,65613,193537661.0,168550906.0,
USA,202131,399,2,77573,0,2126,80100,196922696.0,170143085.0,
USA,202132,164,1,65526,0,854,66545,200166683.0,172065039.0,49026.0
USA,202133,99,1,64075,0,1101,65276,203166916.0,174459055.0,665729.0
USA,202134,43,1,64327,0,1183,65554,206062774.0,177163193.0,1287160.0
USA,202135,36,1,69105,0,1227,70369,208634766.0,179765590.0,1916112.0
USA,202136,15,0,68678,0,1526,70219,210700206.0,182075110.0,2387027.0
USA,202137,36,0,63569,0,1740,65345,212703704.0,184521588.0,2843411.0
USA,202138,3,2,56006,0,1296,57307,214404359.0,186667320.0,3712041.0
USA,202139,2,0,54985,0,996,55983,216227561.0,188540584.0,6798482.0
USA,202140,4,0,56691,0,1117,57812,217792903.0,190162352.0,9678371.0
USA,202141,2,0,51079,0,818,51899,219228865.0,191586646.0,12258032.0
USA,202142,3,0,51462,0,1054,52519,220656437.0,192834208.0,15384564.0
USA,202143,2,0,52857,0,1030,53889,222547577.0,194085544.0,21569700.0
USA,202144,2,0,56191,0,921,57114,224788340.0,195261232.0,27599303.0
USA,202145,2,1,61060,0,727,61790,228343713.0,196286533.0,33078835.0
USA,202146,2,0,55182,0,961,56145,231640405.0,197311996.0,39287869.0
USA,202147,0,0,45489,47,502,46038,233786303.0,198220161.0,43837771.0
USA,202148,3,0,62610,406,496,63515,236436603.0,200791304.0,50730411.0
USA,202149,1,1,52945,3334,622,56903,238944589.0,202998522.0,57368688.0
USA,202150,2,0,38754,24412,684,63852,241339569.0,204486473.0,63599654.0
USA,202151,0,0,14700,43064,418,58182,243369336.0,205474769.0,68460025.0
USA,202152,0,0,6202,50288,471,56961,245380230.0,206543811.0,72672539.0
USA,202201,0,0,1616,36152,135,37903,247637756.0,207820019.0,77404801.0
USA,202202,0,0,142,6760,18,6920,249649281.0,208850492.0,81607106.0
USA,202203,0,0,1,164,1,166,250568431.0,209468019.0,83427172.0
ZAF,202107,0,131,0,0,20,151,10414.0,10414.0,
ZAF,202108,2,90,1,0,7,100,67303.0,67303.0,
ZAF,202109,1,128,0,0,6,135,101573.0,101573.0,
ZAF,202110,3,210,4,0,24,241,145544.0,145544.0,
ZAF,202111,7,135,10,0,57,209,,,
ZAF,202112,4,137,4,0,30,175,231605.0,231605.0,
ZAF,202113,2,112,8,0,27,149,,,
ZAF,202114,0,93,0,0,10,103,288406.0,288406.0,
ZAF,202115,2,103,6,0,23,134,,,
ZAF,202116,3,167,2,0,62,234,,,
ZAF,202117,13,119,3,0,24,159,318670.0,318670.0,
ZAF,202118,8,219,21,0,41,289,382480.0,382480.0,
ZAF,202119,16,179,22,0,45,262,478452.0,478452.0,
ZAF,202120,19,191,33,0,42,285,647983.0,,
ZAF,202121,21,196,83,0,57,357,968319.0,,
ZAF,202122,32,228,200,0,88,548,1343433.0,,
ZAF,202123,17,185,269,0,80,551,1773417.0,,
ZAF,202124,28,100,484,0,101,713,2141624.0,,
ZAF,202125,19,74,651,0,83,827,2682710.0,,
ZAF,202126,17,64,929,0,125,1135,3307588.0,,
ZAF,202127,1,33,988,0,120,1142,3783990.0,1355743.0,
ZAF,202128,0,18,864,0,58,940,,,
ZAF,202129,5,7,727,0,73,812,,,
ZAF,202130,2,7,803,0,61,873,,,
ZAF,202131,0,6,677,0,57,740,,,
ZAF,202132,0,0,554,0,19,573,,,
ZAF,202133,0,2,629,0,24,655,,,
ZAF,202134,1,3,562,0,44,610,,,
ZAF,202135,0,2,625,0,39,666,,,
ZAF,202136,0,0,444,0,43,487,10707263.0,7187179.0,
ZAF,202137,0,0,388,0,49,437,,,
ZAF,202138,0,5,303,0,34,342,,,
ZAF,202139,0,2,181,0,17,200,,,
ZAF,202140,0,52,214,0,16,282,,,
ZAF,202141,0,5,197,0,21,223,,,
ZAF,202142,0,5,131,0,9,145,14742868.0,11546163.0,
ZAF,202143,0,2,92,0,12,106,15314788.0,12305320.0,
ZAF,202144,0,2,48,2,3,55,15770712.0,12803590.0,
ZAF,202145,0,1,34,19,7,61,16220848.0,13375972.0,
ZAF,202146,0,1,40,251,7,299,16640017.0,13869342.0,
ZAF,202147,0,0,41,614,28,683,17018870.0,14288326.0,
ZAF,202148,0,2,15,1175,16,1208,17820083.0,14934457.0,
ZAF,202149,0,0,1,514,5,520,,,
ZAF,202150,0,0,1,404,0,405,,,
ZAF,202151,0,0,0,213,1,214,,,
ZAF,202152,0,0,1,219,1,221,18943212.0,15871913.0,
ZAF,202201,0,0,0,152,2,154,,,
ZAF,202202,0,0,0,35,0,35,,,
